Organism Name	Assembly Name	Assembly Accession	Annotation Info Name	Assembly Stats Total Sequence Length	Assembly Level	Assembly Submission Date	Annotation Info Count Gene Total	Assembly BioSample Accession
Brucella vulpis	na	GCA_900000005.1	na	na	Complete Genome	na	na
Brucella vulpis	na	    GCA_001511795.1	na	na	Chromosome	na	na
Brucella abortus	ASM74013v1	GCF_000740135.1	From INSDC submitter	3289500	Complete Genome	2014-08-15	3180	SAMN02767917
Brucella abortus	ASM74015v1	GCF_000740155.1	From INSDC submitter	3288518	Complete Genome	2014-08-15	3168	SAMN02767934
Brucella abortus	ASM74017v1	GCF_000740175.1	From INSDC submitter	3285289	Complete Genome	2014-08-15	3168	SAMN02769901
Brucella abortus	ASM74029v1	GCF_000740295.1	From INSDC submitter	3280310	Complete Genome	2014-08-15	3161	SAMN02767544
Brucella abortus	ASM74031v1	GCF_000740315.1	From INSDC submitter	3288158	Complete Genome	2014-08-15	3165	SAMN02786918
Brucella abortus	ASM74094v1	GCF_000740945.1	From INSDC submitter	3281754	Chromosome	2014-08-18	3166	SAMN02769912
Brucella abortus	ASM104329v1	GCF_001043295.1	From INSDC submitter	3273110	Complete Genome	2015-06-30	3153	SAMN02712083
Brucella abortus	ASM140210v1	GCF_001402105.1	From INSDC submitter	3277110	Scaffold	2015-10-21	3175	SAMN03965487
Brucella abortus	ASM226297v1	GCF_002262975.1	From INSDC submitter	3271067	Complete Genome	2017-08-22	3154	SAMN07508059
Brucella abortus	ASM226299v1	GCF_002262995.1	From INSDC submitter	3270868	Complete Genome	2017-08-22	3152	SAMN07508100
Brucella abortus	ASM289514v1	GCF_002895145.1	From INSDC submitter	3286445	Complete Genome	2018-01-22	3164	SAMN08295219
Brucella abortus	ASM324439v3	GCF_003244395.3	From INSDC submitter	3284174	Complete Genome	2021-07-06	3165	SAMN09405586
Brucella abortus	ASM329034v1	GCF_003290345.1	From INSDC submitter	3286167	Complete Genome	2018-07-08	3165	SAMN09499628
Brucella abortus	ASM367536v1	GCF_003675365.1	From INSDC submitter	3270584	Complete Genome	2018-10-23	3147	SAMN10238131
Brucella abortus	ASM399443v1	GCF_003994435.1	From INSDC submitter	3295536	Chromosome	2019-01-05	3169	SAMN10484931
Brucella abortus	ASM876157v1	GCF_008761575.1	From INSDC submitter	3278466	Complete Genome	2019-10-01	3163	SAMN12827000
Brucella abortus	14913_1#10	GCF_900095085.1	From INSDC submitter	3266118	Chromosome	2018-01-29	3155	SAMEA2821531
Brucella abortus	ASM74013v1	GCA_000740135.1	From INSDC submitter	3289500	Complete Genome	2014-08-15	3190	SAMN02767917
Brucella abortus	ASM74015v1	GCA_000740155.1	From INSDC submitter	3288518	Complete Genome	2014-08-15	3153	SAMN02767934
Brucella abortus	ASM74017v1	GCA_000740175.1	From INSDC submitter	3285289	Complete Genome	2014-08-15	3167	SAMN02769901
Brucella abortus	ASM74029v1	GCA_000740295.1	From INSDC submitter	3280310	Complete Genome	2014-08-15	3158	SAMN02767544
Brucella abortus	ASM74031v1	GCA_000740315.1	From INSDC submitter	3288158	Complete Genome	2014-08-15	3154	SAMN02786918
Brucella abortus	ASM74094v1	GCA_000740945.1	From INSDC submitter	3281754	Chromosome	2014-08-18	3154	SAMN02769912
Brucella abortus	ASM104329v1	GCA_001043295.1	From INSDC submitter	3273110	Complete Genome	2015-06-30	3166	SAMN02712083
Brucella abortus	ASM140210v1	GCA_001402105.1	From INSDC submitter	3277110	Scaffold	2015-10-21	3168	SAMN03965487
Brucella abortus	ASM226297v1	GCA_002262975.1	From INSDC submitter	3271067	Complete Genome	2017-08-22	3339	SAMN07508059
Brucella abortus	ASM226299v1	GCA_002262995.1	From INSDC submitter	3270868	Complete Genome	2017-08-22	3335	SAMN07508100
Brucella abortus	ASM289514v1	GCA_002895145.1	From INSDC submitter	3286445	Complete Genome	2018-01-22	3360	SAMN08295219
Brucella abortus	ASM324439v3	GCA_003244395.3	From INSDC submitter	3284174	Complete Genome	2021-07-06	3165	SAMN09405586
Brucella abortus	ASM329034v1	GCA_003290345.1		3286167	Complete Genome	2018-07-08		SAMN09499628
Brucella abortus	ASM367536v1	GCA_003675365.1	From INSDC submitter	3270584	Complete Genome	2018-10-23	3343	SAMN10238131
Brucella abortus	ASM399443v1	GCA_003994435.1	From INSDC submitter	3295536	Chromosome	2019-01-05	3365	SAMN10484931
Brucella abortus	ASM876157v1	GCA_008761575.1	From INSDC submitter	3278466	Complete Genome	2019-10-01	3370	SAMN12827000
Brucella abortus	14913_1#10	GCA_900095085.1	From INSDC submitter	3266118	Chromosome	2018-01-29	3276	SAMEA2821531
Brucella abortus 03-4923-239-D	Bruc_abor_03-4923-239-D_V1	GCF_000480075.1	From INSDC submitter	3371126	Scaffold	2013-10-24	3247	SAMN02334518
Brucella abortus 03-4923-239-D	Bruc_abor_03-4923-239-D_V1	GCA_000480075.1	From INSDC submitter	3371126	Scaffold	2013-10-24	3269	SAMN02334518
Brucella abortus 104M	ASM129696v1	GCF_001296965.1	From INSDC submitter	3285427	Complete Genome	2015-09-22	3152	SAMN03108762
Brucella abortus 104M	ASM129696v1	GCA_001296965.1	From INSDC submitter	3285427	Complete Genome	2015-09-22	3180	SAMN03108762
Brucella abortus 225/65	Bruc_abor_225_65_V1	GCF_000369905.1	From INSDC submitter	3273643	Scaffold	2013-04-19	3155	SAMN00839717
Brucella abortus 225/65	Bruc_abor_225_65_V1	GCA_000369905.1	From INSDC submitter	3273643	Scaffold	2013-04-19	3184	SAMN00839717
Brucella abortus 2308	ASM5400v1	GCF_000054005.1	From INSDC submitter	3278307	Complete Genome	2005-12-01	3164	SAMEA3138256
Brucella abortus 2308	ASM74219v1	GCF_000742195.1	From INSDC submitter	3270786	Scaffold	2014-08-19	3163	SAMN02767381
Brucella abortus 2308	ASM5400v1	GCA_000054005.1	From INSDC submitter	3278307	Complete Genome	2005-12-01	3418	SAMEA3138256
Brucella abortus 2308	ASM74219v1	GCA_000742195.1	From INSDC submitter	3270786	Scaffold	2014-08-19	3181	SAMN02767381
Brucella abortus 355/78	Bruc_abor_355_78_V1	GCF_000369925.1	From INSDC submitter	3302935	Scaffold	2013-04-19	3190	SAMN00839720
Brucella abortus 355/78	Bruc_abor_355_78_V1	GCA_000369925.1	From INSDC submitter	3302935	Scaffold	2013-04-19	3195	SAMN00839720
Brucella abortus 544	Bruc_abor_544_V1	GCF_000369945.1	From INSDC submitter	3296863	Scaffold	2013-04-19	3175	SAMN00839704
Brucella abortus 544	Bruc_abor_544_V1	GCA_000369945.1	From INSDC submitter	3296863	Scaffold	2013-04-19	3190	SAMN00839704
Brucella abortus 600/64	Bruc_abor_600_64_V1	GCF_000369965.1	From INSDC submitter	3315738	Scaffold	2013-04-19	3199	SAMN00839729
Brucella abortus 600/64	Bruc_abor_600_64_V1	GCA_000369965.1	From INSDC submitter	3315738	Scaffold	2013-04-19	3215	SAMN00839729
Brucella abortus 63/130	Bruc_abor_63_130_V1	GCF_000369985.1	From INSDC submitter	3304420	Scaffold	2013-04-19	3184	SAMN00839718
Brucella abortus 63/130	Bruc_abor_63_130_V1	GCA_000369985.1	From INSDC submitter	3304420	Scaffold	2013-04-19	3188	SAMN00839718
Brucella abortus 63/138	Bruc_abor_63_138_V1	GCF_000370005.1	From INSDC submitter	3297446	Scaffold	2013-04-19	3185	SAMN00839721
Brucella abortus 63/138	Bruc_abor_63_138_V1	GCA_000370005.1	From INSDC submitter	3297446	Scaffold	2013-04-19	3191	SAMN00839721
Brucella abortus 63/144	Bruc_abor_63_144_V1	GCF_000370025.1	From INSDC submitter	3284092	Scaffold	2013-04-19	3170	SAMN00839719
Brucella abortus 63/144	Bruc_abor_63_144_V1	GCA_000370025.1	From INSDC submitter	3284092	Scaffold	2013-04-19	3173	SAMN00839719
Brucella abortus 63/168	Bruc_abor_63_168_V1	GCF_000370045.1	From INSDC submitter	3287091	Scaffold	2013-04-19	3171	SAMN00811159
Brucella abortus 63/168	Bruc_abor_63_168_V1	GCA_000370045.1	From INSDC submitter	3287091	Scaffold	2013-04-19	3193	SAMN00811159
Brucella abortus 63/294	Bruc_abor_63_294_V1	GCF_000370065.1	From INSDC submitter	3285630	Scaffold	2013-04-19	3188	SAMN00811181
Brucella abortus 63/294	Bruc_abor_63_294_V1	GCA_000370065.1	From INSDC submitter	3285630	Scaffold	2013-04-19	3209	SAMN00811181
Brucella abortus 64/108	Bruc_abor_64_108_V1	GCF_000370085.1	From INSDC submitter	3287431	Scaffold	2013-04-19	3166	SAMN00811203
Brucella abortus 64/108	Bruc_abor_64_108_V1	GCA_000370085.1	From INSDC submitter	3287431	Scaffold	2013-04-19	3191	SAMN00811203
Brucella abortus 64/81	Bruc_abor_64_81_V1	GCF_000370105.1	From INSDC submitter	3294944	Scaffold	2013-04-19	3176	SAMN00839705
Brucella abortus 64/81	Bruc_abor_64_81_V1	GCA_000370105.1	From INSDC submitter	3294944	Scaffold	2013-04-19	3196	SAMN00839705
Brucella abortus 65/157	Bruc_abor_65_157_V1	GCF_000370125.1	From INSDC submitter	3278954	Scaffold	2013-04-19	3164	SAMN00811236
Brucella abortus 65/157	Bruc_abor_65_157_V1	GCA_000370125.1	From INSDC submitter	3278954	Scaffold	2013-04-19	3178	SAMN00811236
Brucella abortus 65/63	Bruc_abor_65_63_V1	GCF_000370145.1	From INSDC submitter	3293789	Scaffold	2013-04-19	3188	SAMN00839706
Brucella abortus 65/63	Bruc_abor_65_63_V1	GCA_000370145.1	From INSDC submitter	3293789	Scaffold	2013-04-19	3195	SAMN00839706
Brucella abortus 67/93	Bruc_abor_67_93_V1	GCF_000370165.1	From INSDC submitter	3307750	Scaffold	2013-04-19	3191	SAMN00839710
Brucella abortus 67/93	Bruc_abor_67_93_V1	GCA_000370165.1	From INSDC submitter	3307750	Scaffold	2013-04-19	3193	SAMN00839710
Brucella abortus 78/14	Bruc_abor_78_14_V1	GCF_000370185.1	From INSDC submitter	3288055	Scaffold	2013-04-19	3171	SAMN00839723
Brucella abortus 78/14	Bruc_abor_78_14_V1	GCA_000370185.1	From INSDC submitter	3288055	Scaffold	2013-04-19	3181	SAMN00839723
Brucella abortus 78/32	Bruc_abor_78_32_V1	GCF_000370205.1	From INSDC submitter	3282227	Scaffold	2013-04-19	3173	SAMN01047749
Brucella abortus 78/32	Bruc_abor_78_32_V1	GCA_000370205.1	From INSDC submitter	3282227	Scaffold	2013-04-19	3191	SAMN01047749
Brucella abortus 80/101	Bruc_abor_80_101_V1	GCF_000370225.1	From INSDC submitter	3278730	Scaffold	2013-04-19	3157	SAMN00811161
Brucella abortus 80/101	Bruc_abor_80_101_V1	GCA_000370225.1	From INSDC submitter	3278730	Scaffold	2013-04-19	3180	SAMN00811161
Brucella abortus 80/28	Bruc_abor_80_28_V1	GCF_000370245.1	From INSDC submitter	3293675	Scaffold	2013-04-19	3176	SAMN00839700
Brucella abortus 80/28	Bruc_abor_80_28_V1	GCA_000370245.1	From INSDC submitter	3293675	Scaffold	2013-04-19	3198	SAMN00839700
Brucella abortus 82-2330	Bruc_abor_biovar_1_82-2330_V1	GCF_000414015.1	From INSDC submitter	3282039	Scaffold	2013-06-21	3167	SAMN02092505
Brucella abortus 82-2330	Bruc_abor_biovar_1_82-2330_V1	GCA_000414015.1	From INSDC submitter	3282039	Scaffold	2013-06-21	3189	SAMN02092505
Brucella abortus 84/26	Bruc_abor_84_26_V1	GCF_000370265.1	From INSDC submitter	3305799	Scaffold	2013-04-19	3189	SAMN00839698
Brucella abortus 84/26	Bruc_abor_84_26_V1	GCA_000370265.1	From INSDC submitter	3305799	Scaffold	2013-04-19	3213	SAMN00839698
Brucella abortus 85/69	Bruc_abor_85_69_V1	GCF_000370285.1	From INSDC submitter	3275083	Scaffold	2013-04-19	3164	SAMN00811165
Brucella abortus 85/69	Bruc_abor_85_69_V1	GCA_000370285.1	From INSDC submitter	3275083	Scaffold	2013-04-19	3182	SAMN00811165
Brucella abortus 87-2211	Bruc_abor_biovar_1_87-2211_V1	GCF_000413995.1	From INSDC submitter	3287056	Scaffold	2013-06-21	3180	SAMN02092510
Brucella abortus 87-2211	Bruc_abor_biovar_1_87-2211_V1	GCA_000413995.1	From INSDC submitter	3287056	Scaffold	2013-06-21	3194	SAMN02092510
Brucella abortus 87/28	Bruc_abor_87_28_V1	GCF_000370305.1	From INSDC submitter	3303778	Scaffold	2013-04-19	3185	SAMN00839701
Brucella abortus 87/28	Bruc_abor_87_28_V1	GCA_000370305.1	From INSDC submitter	3303778	Scaffold	2013-04-19	3191	SAMN00839701
Brucella abortus 877/67	Bruc_abor_877_67_V1	GCF_000370325.1	From INSDC submitter	3278582	Scaffold	2013-04-19	3176	SAMN00811167
Brucella abortus 877/67	Bruc_abor_877_67_V1	GCA_000370325.1	From INSDC submitter	3278582	Scaffold	2013-04-19	3177	SAMN00811167
Brucella abortus 88/217	Bruc_abor_88_217_V1	GCF_000370345.1	From INSDC submitter	3271247	Scaffold	2013-04-19	3148	SAMN01047748
Brucella abortus 88/217	Bruc_abor_88_217_V1	GCA_000370345.1	From INSDC submitter	3271247	Scaffold	2013-04-19	3184	SAMN01047748
Brucella abortus 89-0363	Bruc_abor_biovar_1_89-0363_V1	GCF_000413975.1	From INSDC submitter	3283679	Scaffold	2013-06-21	3170	SAMN02092511
Brucella abortus 89-0363	Bruc_abor_biovar_1_89-0363_V1	GCA_000413975.1	From INSDC submitter	3283679	Scaffold	2013-06-21	3187	SAMN02092511
Brucella abortus 93/2	Bruc_abor_93_2_V1	GCF_000398805.1	From INSDC submitter	3289675	Scaffold	2013-05-16	3170	SAMN00839708
Brucella abortus 93/2	Bruc_abor_93_2_V1	GCA_000398805.1	From INSDC submitter	3289675	Scaffold	2013-05-16	3176	SAMN00839708
Brucella abortus A13334	ASM23817v1	GCF_000238175.1	From INSDC submitter	3286032	Complete Genome	2011-12-15	3174	SAMN02603577
Brucella abortus A13334	ASM23817v1	GCA_000238175.1	From INSDC submitter	3286032	Complete Genome	2011-12-15	3401	SAMN02603577
Brucella abortus B10-0091	Bruc_abor_biovar_1_B10-0091_V1	GCF_000413955.1	From INSDC submitter	3286586	Scaffold	2013-06-21	3165	SAMN02092522
Brucella abortus B10-0091	Bruc_abor_biovar_1_B10-0091_V1	GCA_000413955.1	From INSDC submitter	3286586	Scaffold	2013-06-21	3196	SAMN02092522
Brucella abortus BC95	Bruc_abor_BC95_V1	GCF_000477635.1	From INSDC submitter	3255300	Scaffold	2013-10-21	3189	SAMN02297859
Brucella abortus BC95	Bruc_abor_BC95_V1	GCA_000477635.1	From INSDC submitter	3255300	Scaffold	2013-10-21	3217	SAMN02297859
Brucella abortus F1/06-B21	Bruc_abor_F1_06-B21_V1	GCF_000370365.1	From INSDC submitter	3303558	Scaffold	2013-04-19	3179	SAMN00839722
Brucella abortus F1/06-B21	Bruc_abor_F1_06-B21_V1	GCA_000370365.1	From INSDC submitter	3303558	Scaffold	2013-04-19	3194	SAMN00839722
Brucella abortus F10/05-11	Bruc_abor_F10_05-11_V1	GCF_000370385.1	From INSDC submitter	3292824	Scaffold	2013-04-19	3177	SAMN00839699
Brucella abortus F10/05-11	Bruc_abor_F10_05-11_V1	GCA_000370385.1	From INSDC submitter	3292824	Scaffold	2013-04-19	3201	SAMN00839699
Brucella abortus F10/06-3	Bruc_abor_F10_06-3_V1	GCF_000370405.1	From INSDC submitter	3286840	Scaffold	2013-04-19	3167	SAMN00839709
Brucella abortus F10/06-3	Bruc_abor_F10_06-3_V1	GCA_000370405.1	From INSDC submitter	3286840	Scaffold	2013-04-19	3184	SAMN00839709
Brucella abortus F5/04-7	Bruc_abor_F5_04-7_V1	GCF_000370425.1	From INSDC submitter	3279933	Scaffold	2013-04-19	3163	SAMN00811177
Brucella abortus F5/04-7	Bruc_abor_F5_04-7_V1	GCA_000370425.1	From INSDC submitter	3279933	Scaffold	2013-04-19	3182	SAMN00811177
Brucella abortus F6/05-3	Bruc_abor_F6_05-3_V1	GCF_000370445.1	From INSDC submitter	3278987	Scaffold	2013-04-19	3160	SAMN00811179
Brucella abortus F6/05-3	Bruc_abor_F6_05-3_V1	GCA_000370445.1	From INSDC submitter	3278987	Scaffold	2013-04-19	3176	SAMN00811179
Brucella abortus F6/05-4	Bruc_abor_F6_05-4_V1	GCF_000370465.1	From INSDC submitter	3280699	Scaffold	2013-04-19	3176	SAMN00811180
Brucella abortus F6/05-4	Bruc_abor_F6_05-4_V1	GCA_000370465.1	From INSDC submitter	3280699	Scaffold	2013-04-19	3179	SAMN00811180
Brucella abortus F6/05-9	Bruc_abor_F6_05-9_V1	GCF_000370485.1	From INSDC submitter	3280952	Scaffold	2013-04-19	3169	SAMN00811182
Brucella abortus F6/05-9	Bruc_abor_F6_05-9_V1	GCA_000370485.1	From INSDC submitter	3280952	Scaffold	2013-04-19	3175	SAMN00811182
Brucella abortus NCTC 8038	ASM16025v1	GCF_000160255.1	From INSDC submitter	3276866	Scaffold	2009-09-29	3153	SAMN02595309
Brucella abortus NCTC 8038	ASM16025v1	GCA_000160255.1	From INSDC submitter	3276866	Scaffold	2009-09-29	3093	SAMN02595309
Brucella abortus NI352	Bruc_abor_NI352_V1	GCF_000370505.1	From INSDC submitter	3286581	Scaffold	2013-04-19	3167	SAMN00811188
Brucella abortus NI352	Bruc_abor_NI352_V1	GCA_000370505.1	From INSDC submitter	3286581	Scaffold	2013-04-19	3191	SAMN00811188
Brucella abortus NI422	Bruc_abor_NI422_V1	GCF_000370525.1	From INSDC submitter	3286304	Scaffold	2013-04-19	3170	SAMN00811191
Brucella abortus NI422	Bruc_abor_NI422_V1	GCA_000370525.1	From INSDC submitter	3286304	Scaffold	2013-04-19	3189	SAMN00811191
Brucella abortus NI495a	Bruc_abor_NI495a_V1	GCF_000370545.1	From INSDC submitter	3286963	Scaffold	2013-04-19	3166	SAMN00811194
Brucella abortus NI495a	Bruc_abor_NI495a_V1	GCA_000370545.1	From INSDC submitter	3286963	Scaffold	2013-04-19	3192	SAMN00811194
Brucella abortus R42-08	Bruc_abor_R42-08_V1	GCF_000370565.1	From INSDC submitter	3291715	Scaffold	2013-04-19	3176	SAMN00839707
Brucella abortus R42-08	Bruc_abor_R42-08_V1	GCA_000370565.1	From INSDC submitter	3291715	Scaffold	2013-04-19	3179	SAMN00839707
Brucella abortus RB51-AHVLA	ASM186633v1	GCF_001866335.1	From INSDC submitter	3267498	Scaffold	2016-11-04	3160	SAMN05969919
Brucella abortus RB51-AHVLA	ASM1180118v1	GCF_011801185.1	From INSDC submitter	3284191	Complete Genome	2020-03-31	3169	SAMN12837785
Brucella abortus RB51-AHVLA	ASM186633v1	GCA_001866335.1		3267498	Scaffold	2016-11-04		SAMN05969919
Brucella abortus RB51-AHVLA	ASM1180118v1	GCA_011801185.1	From INSDC submitter	3284191	Complete Genome	2020-03-31	3163	SAMN12837785
Brucella abortus S19	ASM1872v1	GCF_000018725.1	From INSDC submitter	3283936	Complete Genome	2008-05-22	3168	SAMN02604294
Brucella abortus S19	ASM1872v1	GCA_000018725.1	From INSDC submitter	3283936	Complete Genome	2008-05-22	3133	SAMN02604294
Brucella abortus bv. 1 str. 9-941	ASM814v1	GCF_000008145.1	From INSDC submitter	3286445	Complete Genome	2005-04-05	3163	SAMN02604220
Brucella abortus bv. 1 str. 9-941	ASM814v1	GCA_000008145.1	From INSDC submitter	3286445	Complete Genome	2005-04-05	3350	SAMN02604220
Brucella abortus bv. 1 str. NI010	Bruc_abor_bv1_NI010_V1	GCF_000245915.1	From INSDC submitter	3296700	Scaffold	2012-02-07	3176	SAMN02596743
Brucella abortus bv. 1 str. NI010	Bruc_abor_bv1_NI010_V1	GCA_000245915.1	From INSDC submitter	3296700	Scaffold	2012-02-07	3198	SAMN02596743
Brucella abortus bv. 1 str. NI016	Bruc_abor_bv1_NI016_V1	GCF_000245935.1	From INSDC submitter	3286592	Scaffold	2012-02-07	3173	SAMN02596744
Brucella abortus bv. 1 str. NI016	Bruc_abor_bv1_NI016_V1	GCA_000245935.1	From INSDC submitter	3286592	Scaffold	2012-02-07	3193	SAMN02596744
Brucella abortus bv. 1 str. NI021	Bruc_abor_bv1_NI021_V1	GCF_000245955.1	From INSDC submitter	3297792	Scaffold	2012-02-07	3193	SAMN02596745
Brucella abortus bv. 1 str. NI021	Bruc_abor_bv1_NI021_V1	GCA_000245955.1	From INSDC submitter	3297792	Scaffold	2012-02-07	3206	SAMN02596745
Brucella abortus bv. 1 str. NI259	Bruc_abor_bv1_NI259_V1	GCF_000245975.1	From INSDC submitter	3282437	Scaffold	2012-02-07	3165	SAMN02596746
Brucella abortus bv. 1 str. NI259	Bruc_abor_bv1_NI259_V1	GCA_000245975.1	From INSDC submitter	3282437	Scaffold	2012-02-07	3188	SAMN02596746
Brucella abortus bv. 1 str. NI435a	Bruc_abor_bv1_NI435a_V1	GCF_000245835.1	From INSDC submitter	3303039	Scaffold	2012-02-07	3195	SAMN02596739
Brucella abortus bv. 1 str. NI435a	Bruc_abor_bv1_NI435a_V1	GCA_000245835.1	From INSDC submitter	3303039	Scaffold	2012-02-07	3211	SAMN02596739
Brucella abortus bv. 1 str. NI474	Bruc_abor_bv1_NI474_V1	GCF_000245875.1	From INSDC submitter	3303032	Scaffold	2012-02-07	3187	SAMN02596740
Brucella abortus bv. 1 str. NI474	Bruc_abor_bv1_NI474_V1	GCA_000245875.1	From INSDC submitter	3303032	Scaffold	2012-02-07	3207	SAMN02596740
Brucella abortus bv. 1 str. NI486	Bruc_abor_bv1_NI486_V1	GCF_000245855.1	From INSDC submitter	3285698	Scaffold	2012-02-07	3175	SAMN02596741
Brucella abortus bv. 1 str. NI486	Bruc_abor_bv1_NI486_V1	GCA_000245855.1	From INSDC submitter	3285698	Scaffold	2012-02-07	3196	SAMN02596741
Brucella abortus bv. 1 str. NI488	Bruc_abor_bv1_NI488_V1	GCF_000245895.1	From INSDC submitter	3295757	Scaffold	2012-02-07	3177	SAMN02596742
Brucella abortus bv. 1 str. NI488	Bruc_abor_bv1_NI488_V1	GCA_000245895.1	From INSDC submitter	3295757	Scaffold	2012-02-07	3202	SAMN02596742
Brucella abortus bv. 2 str. 86/8/59	ASM15773v1	GCF_000157735.1	From INSDC submitter	3294912	Scaffold	2009-01-30	3167	SAMN02595278
Brucella abortus bv. 2 str. 86/8/59	ASM74037v1	GCF_000740375.1	From INSDC submitter	3286128	Complete Genome	2014-08-15	3166	SAMN02770266
Brucella abortus bv. 2 str. 86/8/59	ASM15773v1	GCA_000157735.1	From INSDC submitter	3294912	Scaffold	2009-01-30	3282	SAMN02595278
Brucella abortus bv. 2 str. 86/8/59	ASM74037v1	GCA_000740375.1	From INSDC submitter	3286128	Complete Genome	2014-08-15	3183	SAMN02770266
Brucella abortus bv. 3 str. Tulya	ASM15771v1	GCF_000157715.1	From INSDC submitter	3282764	Scaffold	2009-01-30	3143	SAMN02595277
Brucella abortus bv. 3 str. Tulya	ASM15771v1	GCA_000157715.1	From INSDC submitter	3282764	Scaffold	2009-01-30	3309	SAMN02595277
Brucella abortus bv. 4 str. 292	ASM15769v1	GCF_000157695.1	From INSDC submitter	3272945	Scaffold	2009-01-30	3146	SAMN02595276
Brucella abortus bv. 4 str. 292	ASM15769v1	GCA_000157695.1	From INSDC submitter	3272945	Scaffold	2009-01-30	3268	SAMN02595276
Brucella abortus bv. 5 str. B3196	ASM16311v1	GCF_000163115.1	From INSDC submitter	3343441	Scaffold	2010-05-28	3271	SAMN02595354
Brucella abortus bv. 5 str. B3196	ASM16311v1	GCA_000163115.1	From INSDC submitter	3343441	Scaffold	2010-05-28	3278	SAMN02595354
Brucella abortus bv. 6 str. 870	ASM15767v1	GCF_000157675.1	From INSDC submitter	3270344	Scaffold	2009-01-30	3139	SAMN02595275
Brucella abortus bv. 6 str. 870	ASM74021v1	GCF_000740215.1	From INSDC submitter	3281154	Complete Genome	2014-08-15	3164	SAMN02770262
Brucella abortus bv. 6 str. 870	ASM15767v1	GCA_000157675.1	From INSDC submitter	3270344	Scaffold	2009-01-30	3268	SAMN02595275
Brucella abortus bv. 6 str. 870	ASM74021v1	GCA_000740215.1	From INSDC submitter	3281154	Complete Genome	2014-08-15	3170	SAMN02770262
Brucella abortus bv. 9 str. C68	ASM15879v1	GCF_000158795.1	From INSDC submitter	3269576	Scaffold	2009-02-24	3143	SAMN02595293
Brucella abortus bv. 9 str. C68	ASM74019v1	GCF_000740195.1	From INSDC submitter	3279946	Complete Genome	2014-08-15	3162	SAMN02769911
Brucella abortus bv. 9 str. C68	ASM15879v1	GCA_000158795.1	From INSDC submitter	3269576	Scaffold	2009-02-24	3241	SAMN02595293
Brucella abortus bv. 9 str. C68	ASM74019v1	GCA_000740195.1	From INSDC submitter	3279946	Complete Genome	2014-08-15	3156	SAMN02769911
Brucella anthropi	ASM1532629v1	GCF_015326295.1	From INSDC submitter	4858647	Complete Genome	2020-11-10	4580	SAMN16619790
Brucella anthropi	Ochant_v5	GCF_000585655.1	From INSDC submitter	5277818	Scaffold	2014-03-05	5090	SAMN02644454
Brucella anthropi	ASM74295v1	GCF_000742955.1	From INSDC submitter	4901165	Complete Genome	2014-08-21	4589	SAMN02873951
Brucella anthropi	ASM87846v1	GCF_000878465.1	From INSDC submitter	4904177	Scaffold	2015-02-20	4695	SAMN03328791
Brucella anthropi	ASM393742v1	GCF_003937425.1	From INSDC submitter	5066712	Scaffold	2018-12-11	4902	SAMN10249151
Brucella anthropi	ASM393744v1	GCF_003937445.1	From INSDC submitter	5020564	Scaffold	2018-12-11	4803	SAMN10249178
Brucella anthropi	ASM901737v1	GCF_009017375.1	From INSDC submitter	4736879	Complete Genome	2019-10-13	4423	SAMN12541229
Brucella anthropi	ASM1413814v1	GCF_014138145.1	From INSDC submitter	4808005	Scaffold	2020-08-10	4534	SAMN12024925
Brucella anthropi	ASM1612801v1	GCF_016128015.1	From INSDC submitter	5173962	Complete Genome	2020-12-20	4946	SAMN16357208
Brucella anthropi	Ochant_v5	GCA_000585655.1	From INSDC submitter	5277818	Scaffold	2014-03-05	5075	SAMN02644454
Brucella anthropi	ASM74295v1	GCA_000742955.1	From INSDC submitter	4901165	Complete Genome	2014-08-21	4694	SAMN02873951
Brucella anthropi	ASM87846v1	GCA_000878465.1	From INSDC submitter	4904177	Scaffold	2015-02-20	4703	SAMN03328791
Brucella anthropi	ASM393742v1	GCA_003937425.1	From INSDC submitter	5066712	Scaffold	2018-12-11	4994	SAMN10249151
Brucella anthropi	ASM393744v1	GCA_003937445.1	From INSDC submitter	5020564	Scaffold	2018-12-11	4928	SAMN10249178
Brucella anthropi	ASM901737v1	GCA_009017375.1	From INSDC submitter	4736879	Complete Genome	2019-10-13	4502	SAMN12541229
Brucella anthropi	ASM1413814v1	GCA_014138145.1	From INSDC submitter	4808005	Scaffold	2020-08-10	4672	SAMN12024925
Brucella anthropi	ASM1532629v1	GCA_015326295.1	From INSDC submitter	4858647	Complete Genome	2020-11-10	4578	SAMN16619790
Brucella anthropi	ASM1612801v1	GCA_016128015.1	From INSDC submitter	5173962	Complete Genome	2020-12-20	4946	SAMN16357208
Brucella anthropi ATCC 49188	ASM1740v1	GCF_000017405.1	From INSDC submitter	5205777	Complete Genome	2007-07-12	4977	SAMN02598421
Brucella anthropi ATCC 49188	ASM1740v1	GCA_000017405.1	From INSDC submitter	5205777	Complete Genome	2007-07-12	4932	SAMN02598421
Brucella anthropi CTS-325	ASM25120v1	GCF_000251205.1	From INSDC submitter	4726982	Scaffold	2012-03-19	4431	SAMN02469799
Brucella anthropi CTS-325	ASM25120v1	GCA_000251205.1		4726982	Scaffold	2012-03-19		SAMN02469799
Brucella canis	ASM69158v1	GCF_000691585.1	From INSDC submitter	3310315	Complete Genome	2014-05-15	3155	SAMN02739937
Brucella canis	ASM74033v1	GCF_000740335.1	From INSDC submitter	3312751	Complete Genome	2014-08-15	3156	SAMN02795942
Brucella canis	B.canis_SCL	GCF_001078335.1	From INSDC submitter	3284845	Scaffold	2015-07-16	3143	SAMN03842025
Brucella canis	ASM171536v1	GCF_001715365.1	From INSDC submitter	3307321	Complete Genome	2016-08-29	3149	SAMN05559048
Brucella canis	ASM171540v1	GCF_001715405.1	From INSDC submitter	3277586	Complete Genome	2016-08-29	3128	SAMN05559077
Brucella canis	ASM171544v1	GCF_001715445.1	From INSDC submitter	3313885	Chromosome	2016-08-29	3162	SAMN05578250
Brucella canis	ASM259125v1	GCF_002591255.1	From INSDC submitter	3312764	Complete Genome	2017-10-18	3158	SAMN07312464
Brucella canis	ASM301071v1	GCF_003010715.1	From INSDC submitter	3277308	Complete Genome	2018-03-19	3126	SAMN08644039
Brucella canis	ASM412719v1	GCF_004127195.1	From INSDC submitter	3260552	Scaffold	2019-02-01	3125	SAMN08848315
Brucella canis	ASM412722v1	GCF_004127225.1	From INSDC submitter	3262532	Scaffold	2019-02-01	3177	SAMN08848314
Brucella canis	07-2859-6071	GCF_900491895.1	From INSDC submitter	3290866	Scaffold	2018-08-01	3152	SAMEA4772405
Brucella canis	10469	GCF_900491925.1	From INSDC submitter	3293240	Scaffold	2018-08-01	3154	SAMEA4772408
Brucella canis	ASM69158v1	GCA_000691585.1	From INSDC submitter	3310315	Complete Genome	2014-05-15	3093	SAMN02739937
Brucella canis	ASM74033v1	GCA_000740335.1	From INSDC submitter	3312751	Complete Genome	2014-08-15	3157	SAMN02795942
Brucella canis	B.canis_SCL	GCA_001078335.1	From INSDC submitter	3284845	Scaffold	2015-07-16	3128	SAMN03842025
Brucella canis	ASM171536v1	GCA_001715365.1	From INSDC submitter	3307321	Complete Genome	2016-08-29	3142	SAMN05559048
Brucella canis	ASM171540v1	GCA_001715405.1	From INSDC submitter	3277586	Complete Genome	2016-08-29	3118	SAMN05559077
Brucella canis	ASM171544v1	GCA_001715445.1	From INSDC submitter	3313885	Chromosome	2016-08-29	3147	SAMN05578250
Brucella canis	ASM259125v1	GCA_002591255.1	From INSDC submitter	3312764	Complete Genome	2017-10-18	3346	SAMN07312464
Brucella canis	ASM301071v1	GCA_003010715.1	From INSDC submitter	3277308	Complete Genome	2018-03-19	3318	SAMN08644039
Brucella canis	ASM412719v1	GCA_004127195.1	From INSDC submitter	3260552	Scaffold	2019-02-01	3312	SAMN08848315
Brucella canis	ASM412722v1	GCA_004127225.1	From INSDC submitter	3262532	Scaffold	2019-02-01	3362	SAMN08848314
Brucella canis	07-2859-6071	GCA_900491895.1		3290866	Scaffold	2018-08-01		SAMEA4772405
Brucella canis	10469	GCA_900491925.1		3293240	Scaffold	2018-08-01		SAMEA4772408
Brucella canis 79/122	Bruc_cani_79_122_V1	GCF_000370585.1	From INSDC submitter	3289630	Scaffold	2013-04-19	3134	SAMN00839703
Brucella canis 79/122	Bruc_cani_79_122_V1	GCA_000370585.1	From INSDC submitter	3289630	Scaffold	2013-04-19	3140	SAMN00839703
Brucella canis ATCC 23365	ASM1852v1	GCF_000018525.1	From INSDC submitter	3312769	Complete Genome	2007-11-29	3155	SAMN02604295
Brucella canis ATCC 23365	ASM1852v1	GCA_000018525.1	From INSDC submitter	3312769	Complete Genome	2007-11-29	3418	SAMN02604295
Brucella canis CNGB 513	Bruc_cani_CNGB_513_V1	GCF_000370605.1	From INSDC submitter	3314031	Scaffold	2013-04-19	3161	SAMN01047736
Brucella canis CNGB 513	Bruc_cani_CNGB_513_V1	GCA_000370605.1	From INSDC submitter	3314031	Scaffold	2013-04-19	3173	SAMN01047736
Brucella canis HSK A52141	ASM23819v1	GCF_000238195.1	From INSDC submitter	3277512	Complete Genome	2011-12-15	3128	SAMN02603578
Brucella canis HSK A52141	ASM23819v1	GCA_000238195.1	From INSDC submitter	3277512	Complete Genome	2011-12-15	3342	SAMN02603578
Brucella canis str. Oliveri	Oliveri	GCF_000530495.1	From INSDC submitter	3318655	Chromosome	2014-01-24	3156	SAMEA3138887
Brucella canis str. Oliveri	Oliveri	GCA_000530495.1	From INSDC submitter	3318655	Chromosome	2014-01-24	3288	SAMEA3138887
Brucella ceti B1/94	ASM15877v1	GCF_000158775.1	From INSDC submitter	3337159	Scaffold	2009-02-24	3136	SAMN02595292
Brucella ceti B1/94	ASM15877v1	GCA_000158775.1	From INSDC submitter	3337159	Scaffold	2009-02-24	3237	SAMN02595292
Brucella ceti M13/05/1	ASM15785v1	GCF_000157855.1	From INSDC submitter	3337230	Scaffold	2009-01-27	3167	SAMN02595284
Brucella ceti M13/05/1	ASM15785v1	GCA_000157855.1	From INSDC submitter	3337230	Scaffold	2009-01-27	3280	SAMN02595284
Brucella ceti M490/95/1	ASM15875v1	GCF_000158755.1	From INSDC submitter	3345471	Scaffold	2009-02-24	3142	SAMN02595291
Brucella ceti M490/95/1	ASM15875v1	GCA_000158755.1	From INSDC submitter	3345471	Scaffold	2009-02-24	3255	SAMN02595291
Brucella ceti M644/93/1	ASM15783v1	GCF_000157835.1	From INSDC submitter	3334689	Scaffold	2009-01-27	3165	SAMN02595283
Brucella ceti M644/93/1	ASM15783v1	GCA_000157835.1	From INSDC submitter	3334689	Scaffold	2009-01-27	3292	SAMN02595283
Brucella ceti TE10759-12	ASM59079v1	GCF_000590795.1	From INSDC submitter	3278034	Complete Genome	2013-11-25	3145	SAMN02402452
Brucella ceti TE10759-12	ASM59079v1	GCA_000590795.1	From INSDC submitter	3278034	Complete Genome	2013-11-25	2679	SAMN02402452
Brucella ceti TE28753-12	ASM59081v1	GCF_000590815.1	From INSDC submitter	3277545	Complete Genome	2013-11-25	3169	SAMN02371861
Brucella ceti TE28753-12	ASM59081v1	GCA_000590815.1	From INSDC submitter	3277545	Complete Genome	2013-11-25	2477	SAMN02371861
Brucella cytisi	ASM187695v1	GCF_001876955.1	From INSDC submitter	5965364	Scaffold	2016-11-14	5695	SAMN05941866
Brucella cytisi	ASM187695v1	GCA_001876955.1	From INSDC submitter	5965364	Scaffold	2016-11-14	5684	SAMN05941866
Brucella endophytica	ASM1464061v1	GCF_014640615.1	From INSDC submitter	4932019	Scaffold	2020-09-12	4735	SAMD00245013
Brucella endophytica	ASM1464061v1	GCA_014640615.1	From INSDC submitter	4932019	Scaffold	2020-09-12	4767	SAMD00245013
Brucella gallinifaecis	ASM647660v1	GCF_006476605.1	From INSDC submitter	3742416	Scaffold	2019-06-24	3534	SAMN11998090
Brucella gallinifaecis	ASM647660v1	GCA_006476605.1	From INSDC submitter	3742416	Scaffold	2019-06-24	3546	SAMN11998090
Brucella inopinata	BR141012304v1	GCF_900095155.1	From INSDC submitter	3442381	Complete Genome	2016-10-13	3268	SAMEA4378174
Brucella inopinata	BrucellaInopinata1.0	GCF_000662015.1		3306834	Scaffold	2014-05-01		SAMN02427355
Brucella inopinata	BR141012304v1	GCA_900095155.1	From INSDC submitter	3442381	Complete Genome	2016-10-13	3281	SAMEA4378174
Brucella intermedia	ASM1340935v1	GCF_013409355.1	From INSDC submitter	4637170	Scaffold	2020-07-13	4440	SAMN14515434
Brucella intermedia	ASM1413816v1	GCF_014138165.1	From INSDC submitter	4926184	Scaffold	2020-08-10	4715	SAMN12025762
Brucella intermedia	ASM1449572v1	GCF_014495725.1	From INSDC submitter	4747700	Complete Genome	2020-09-09	4574	SAMN15946017
Brucella intermedia	ASM1340935v1	GCA_013409355.1	From INSDC submitter	4637170	Scaffold	2020-07-13	4576	SAMN14515434
Brucella intermedia	ASM1413816v1	GCA_014138165.1	From INSDC submitter	4926184	Scaffold	2020-08-10	4866	SAMN12025762
Brucella intermedia	ASM1449572v1	GCA_014495725.1	From INSDC submitter	4747700	Complete Genome	2020-09-09	4575	SAMN15946017
Brucella intermedia	ASM2052668v1	GCA_020526685.1	From INSDC submitter	4571499	Scaffold	2021-10-19	4342	SAMN20961033
Brucella intermedia LMG 3301	ASM18264v1	GCF_000182645.1	From INSDC submitter	4725392	Scaffold	2009-06-11	4490	SAMN02472089
Brucella intermedia LMG 3301	ASM18264v1	GCA_000182645.1	From INSDC submitter	4725392	Scaffold	2009-06-11	4516	SAMN02472089
Brucella melitensis	ASM130747v2	GCF_001307475.2	From INSDC submitter	3310789	Complete Genome	2017-02-15	3181	SAMN03860331
Brucella melitensis	ASM143174v1	GCF_001431745.1	From INSDC submitter	3311875	Complete Genome	2015-11-04	3178	SAMN02714221
Brucella melitensis	ASM171546v1	GCF_001715465.1	From INSDC submitter	3312776	Chromosome	2016-08-29	3182	SAMN05578252
Brucella melitensis	ASM171548v1	GCF_001715485.1	From INSDC submitter	3309874	Complete Genome	2016-08-29	3180	SAMN05559134
Brucella melitensis	ASM219123v1	GCF_002191235.1	From INSDC submitter	3311054	Complete Genome	2017-06-13	3182	SAMN05932969
Brucella melitensis	ASM219125v1	GCF_002191255.1	From INSDC submitter	3313147	Chromosome	2017-06-13	3182	SAMN05932954
Brucella melitensis	ASM219127v1	GCF_002191275.1	From INSDC submitter	3311132	Chromosome	2017-06-13	3181	SAMN05932957
Brucella melitensis	ASM219129v1	GCF_002191295.1	From INSDC submitter	3313492	Complete Genome	2017-06-13	3180	SAMN05932947
Brucella melitensis	ASM219131v1	GCF_002191315.1	From INSDC submitter	3312286	Chromosome	2017-06-13	3182	SAMN05932931
Brucella melitensis	ASM219133v1	GCF_002191335.1	From INSDC submitter	3311923	Complete Genome	2017-06-13	3181	SAMN05932974
Brucella melitensis	ASM219135v1	GCF_002191355.1	From INSDC submitter	3310467	Complete Genome	2017-06-13	3182	SAMN05932955
Brucella melitensis	ASM219137v1	GCF_002191375.1	From INSDC submitter	3309727	Complete Genome	2017-06-13	3179	SAMN05932987
Brucella melitensis	ASM219139v1	GCF_002191395.1	From INSDC submitter	3312622	Chromosome	2017-06-13	3182	SAMN05932952
Brucella melitensis	ASM219141v1	GCF_002191415.1	From INSDC submitter	3310615	Chromosome	2017-06-13	3181	SAMN05932985
Brucella melitensis	ASM219143v1	GCF_002191435.1	From INSDC submitter	3303199	Chromosome	2017-06-13	3176	SAMN05932921
Brucella melitensis	ASM219145v1	GCF_002191455.1	From INSDC submitter	3312670	Complete Genome	2017-06-13	3181	SAMN05932948
Brucella melitensis	ASM219147v1	GCF_002191475.1	From INSDC submitter	3311691	Chromosome	2017-06-13	3180	SAMN05932956
Brucella melitensis	ASM219149v1	GCF_002191495.1	From INSDC submitter	3312780	Chromosome	2017-06-13	3180	SAMN05932963
Brucella melitensis	ASM219151v1	GCF_002191515.1	From INSDC submitter	3312548	Chromosome	2017-06-13	3183	SAMN05932960
Brucella melitensis	ASM219153v1	GCF_002191535.1	From INSDC submitter	3312631	Chromosome	2017-06-13	3182	SAMN05932970
Brucella melitensis	ASM219155v1	GCF_002191555.1	From INSDC submitter	3313072	Chromosome	2017-06-13	3180	SAMN05932962
Brucella melitensis	ASM219157v1	GCF_002191575.1	From INSDC submitter	3311409	Complete Genome	2017-06-13	3181	SAMN05932951
Brucella melitensis	ASM219159v1	GCF_002191595.1	From INSDC submitter	3313533	Chromosome	2017-06-13	3181	SAMN05932989
Brucella melitensis	ASM219161v1	GCF_002191615.1	From INSDC submitter	3312739	Complete Genome	2017-06-13	3180	SAMN05932920
Brucella melitensis	ASM219163v1	GCF_002191635.1	From INSDC submitter	3312547	Chromosome	2017-06-13	3179	SAMN05932916
Brucella melitensis	ASM219165v1	GCF_002191655.1	From INSDC submitter	3312719	Complete Genome	2017-06-13	3179	SAMN05932930
Brucella melitensis	ASM219167v1	GCF_002191675.1	From INSDC submitter	3312621	Complete Genome	2017-06-13	3181	SAMN05932975
Brucella melitensis	ASM219169v1	GCF_002191695.1	From INSDC submitter	3314625	Chromosome	2017-06-13	3186	SAMN05932961
Brucella melitensis	ASM219171v1	GCF_002191715.1	From INSDC submitter	3311118	Chromosome	2017-06-13	3181	SAMN05932978
Brucella melitensis	ASM219173v1	GCF_002191735.1	From INSDC submitter	3314720	Chromosome	2017-06-13	3183	SAMN05932971
Brucella melitensis	ASM219175v1	GCF_002191755.1	From INSDC submitter	3312616	Complete Genome	2017-06-13	3181	SAMN05932973
Brucella melitensis	ASM219177v1	GCF_002191775.1	From INSDC submitter	3312594	Chromosome	2017-06-13	3179	SAMN05932972
Brucella melitensis	ASM219179v1	GCF_002191795.1	From INSDC submitter	3312757	Chromosome	2017-06-13	3181	SAMN05932965
Brucella melitensis	ASM219181v1	GCF_002191815.1	From INSDC submitter	3313536	Chromosome	2017-06-13	3181	SAMN05932950
Brucella melitensis	ASM219183v1	GCF_002191835.1	From INSDC submitter	3312633	Chromosome	2017-06-13	3180	SAMN05932980
Brucella melitensis	ASM219185v1	GCF_002191855.1	From INSDC submitter	3312294	Chromosome	2017-06-13	3181	SAMN05932986
Brucella melitensis	ASM219187v1	GCF_002191875.1	From INSDC submitter	3312703	Chromosome	2017-06-13	3184	SAMN05932959
Brucella melitensis	ASM219189v1	GCF_002191895.1	From INSDC submitter	3311497	Chromosome	2017-06-13	3183	SAMN05932984
Brucella melitensis	ASM219191v1	GCF_002191915.1	From INSDC submitter	3311334	Complete Genome	2017-06-13	3182	SAMN05932949
Brucella melitensis	ASM219193v1	GCF_002191935.1	From INSDC submitter	3303645	Chromosome	2017-06-13	3178	SAMN05932922
Brucella melitensis	ASM219199v1	GCF_002191995.1	From INSDC submitter	3311385	Chromosome	2017-06-13	3185	SAMN05932958
Brucella melitensis	ASM219201v1	GCF_002192015.1	From INSDC submitter	3313634	Chromosome	2017-06-13	3180	SAMN05932967
Brucella melitensis	ASM219203v1	GCF_002192035.1	From INSDC submitter	3313251	Chromosome	2017-06-13	3178	SAMN05932968
Brucella melitensis	ASM219205v1	GCF_002192055.1	From INSDC submitter	3312579	Chromosome	2017-06-13	3182	SAMN05932964
Brucella melitensis	ASM219207v1	GCF_002192075.1	From INSDC submitter	3312952	Chromosome	2017-06-13	3179	SAMN05932966
Brucella melitensis	ASM219209v1	GCF_002192095.1	From INSDC submitter	3312779	Complete Genome	2017-06-13	3180	SAMN05932953
Brucella melitensis	ASM219211v1	GCF_002192115.1	From INSDC submitter	3312673	Chromosome	2017-06-13	3178	SAMN05932979
Brucella melitensis	ASM219213v1	GCF_002192135.1	From INSDC submitter	3312503	Chromosome	2017-06-13	3179	SAMN05932983
Brucella melitensis	ASM219215v1	GCF_002192155.1	From INSDC submitter	3312521	Complete Genome	2017-06-13	3178	SAMN05932976
Brucella melitensis	ASM219217v1	GCF_002192175.1	From INSDC submitter	3311587	Chromosome	2017-06-13	3182	SAMN05932917
Brucella melitensis	ASM219219v1	GCF_002192195.1	From INSDC submitter	3314350	Chromosome	2017-06-13	3182	SAMN05932932
Brucella melitensis	ASM226295v1	GCF_002262955.1	From INSDC submitter	3311862	Complete Genome	2017-08-22	3184	SAMN07499375
Brucella melitensis	ASM226301v1	GCF_002263015.1	From INSDC submitter	3312673	Complete Genome	2017-08-22	3185	SAMN07508058
Brucella melitensis	ASM229012v1	GCF_002290125.1	From INSDC submitter	3302684	Chromosome	2017-09-12	3120	SAMN07580939
Brucella melitensis	ASM276361v1	GCF_002763615.1	From INSDC submitter	3311767	Complete Genome	2017-11-13	3181	SAMN07967141
Brucella melitensis	ASM289510v1	GCF_002895105.1	From INSDC submitter	3311210	Complete Genome	2018-01-22	3180	SAMN08176517
Brucella melitensis	ASM289512v1	GCF_002895125.1	From INSDC submitter	3310711	Complete Genome	2018-01-22	3185	SAMN08242171
Brucella melitensis	ASM295359v1	GCF_002953595.1	From INSDC submitter	3299170	Complete Genome	2018-02-09	3172	SAMN07981100
Brucella melitensis	ASM320553v1	GCF_003205535.1	From INSDC submitter	3311757	Complete Genome	2018-06-11	3179	SAMN09296271
Brucella melitensis	ASM351604v1	GCF_003516045.1	From INSDC submitter	3311401	Complete Genome	2018-09-10	3181	SAMN08322134
Brucella melitensis	ASM351606v1	GCF_003516065.1	From INSDC submitter	3311514	Complete Genome	2018-09-10	3181	SAMN08322136
Brucella melitensis	ASM351608v1	GCF_003516085.1	From INSDC submitter	3311860	Complete Genome	2018-09-10	3180	SAMN08322135
Brucella melitensis	ASM385641v1	GCF_003856415.1	From INSDC submitter	3312257	Complete Genome	2018-12-03	3180	SAMN10439570
Brucella melitensis	ASM398987v1	GCF_003989875.1	From INSDC submitter	3261381	Scaffold	2019-01-01	3142	SAMN10640304
Brucella melitensis	ASM398988v1	GCF_003989885.1	From INSDC submitter	3260590	Scaffold	2019-01-01	3144	SAMN10640302
Brucella melitensis	ASM398989v1	GCF_003989895.1	From INSDC submitter	3260156	Scaffold	2019-01-01	3144	SAMN10640301
Brucella melitensis	ASM399138v1	GCF_003991385.1	From INSDC submitter	3323809	Scaffold	2019-01-03	3198	SAMN10518779
Brucella melitensis	ASM420865v1	GCF_004208655.1	From INSDC submitter	3311869	Complete Genome	2019-02-17	3181	SAMN10829700
Brucella melitensis	ASM420867v1	GCF_004208675.1	From INSDC submitter	3311846	Complete Genome	2019-02-17	3182	SAMN10829699
Brucella melitensis	ASM420869v1	GCF_004208695.1	From INSDC submitter	3311825	Complete Genome	2019-02-17	3180	SAMN10829698
Brucella melitensis	ASM876159v1	GCF_008761595.1	From INSDC submitter	3311895	Complete Genome	2019-10-01	3183	SAMN12827001
Brucella melitensis	ASM876161v1	GCF_008761615.1	From INSDC submitter	3306324	Complete Genome	2019-10-01	3179	SAMN12827002
Brucella melitensis	ASM1641196v1	GCF_016411965.1	From INSDC submitter	3291796	Scaffold	2020-12-27	3174	SAMN17133145
Brucella melitensis	ASM1680610v1	GCF_016806105.1	From INSDC submitter	3290006	Scaffold	2021-02-03	3176	SAMN17150333
Brucella melitensis	ASM1688752v1	GCF_016887525.1	From INSDC submitter	3312015	Chromosome	2021-02-14	3181	SAMN17774836
Brucella melitensis	ASM1713997v1	GCF_017139975.1	From INSDC submitter	3311219	Chromosome	2021-03-02	3177	SAMN15402912
Brucella melitensis	ASM1714009v1	GCF_017140095.1	From INSDC submitter	3311219	Chromosome	2021-03-02	3178	SAMN15402910
Brucella melitensis	Bru_genome7	GCF_900236335.1	From INSDC submitter	3295083	Complete Genome	2017-12-04	3167	SAMEA104369531
Brucella melitensis	Bru_genome47	GCF_900236345.1	From INSDC submitter	3294929	Complete Genome	2017-12-04	3167	SAMEA104369548
Brucella melitensis	Bru_genome20	GCF_900236355.1	From INSDC submitter	3295079	Complete Genome	2017-12-04	3175	SAMEA104369537
Brucella melitensis	Bru_genome40	GCF_900236365.1	From INSDC submitter	3295230	Complete Genome	2017-12-04	3175	SAMEA104369542
Brucella melitensis	Bru_genome9	GCF_900236375.1	From INSDC submitter	3295073	Complete Genome	2017-12-04	3172	SAMEA104369533
Brucella melitensis	Bru_genome37	GCF_900236385.1	From INSDC submitter	3295156	Complete Genome	2017-12-04	3169	SAMEA104369541
Brucella melitensis	Bru_genome41	GCF_900236395.1	From INSDC submitter	3295219	Complete Genome	2017-12-04	3181	SAMEA104369543
Brucella melitensis	Bru_genome13	GCF_900236405.1	From INSDC submitter	3295161	Complete Genome	2017-12-04	3171	SAMEA104369536
Brucella melitensis	Bru_genome48	GCF_900236415.1	From INSDC submitter	3295221	Complete Genome	2017-12-04	3172	SAMEA104369549
Brucella melitensis	Bru_genome11	GCF_900236425.1	From INSDC submitter	3295104	Complete Genome	2017-12-04	3172	SAMEA104369535
Brucella melitensis	Bru_genome23	GCF_900236435.1	From INSDC submitter	3295145	Complete Genome	2017-12-04	3171	SAMEA104369538
Brucella melitensis	Bru_genome2	GCF_900236445.1	From INSDC submitter	3295128	Complete Genome	2017-12-04	3169	SAMEA104369527
Brucella melitensis	Bru_genome44	GCF_900236455.1	From INSDC submitter	3295212	Complete Genome	2017-12-04	3169	SAMEA104369545
Brucella melitensis	Bru_genome45	GCF_900236465.1	From INSDC submitter	3295087	Complete Genome	2017-12-04	3170	SAMEA104369546
Brucella melitensis	Bru_genome24	GCF_900236485.1	From INSDC submitter	3295085	Complete Genome	2017-12-04	3176	SAMEA104369539
Brucella melitensis	Bru_genome46	GCF_900236495.1	From INSDC submitter	3295056	Complete Genome	2017-12-04	3173	SAMEA104369547
Brucella melitensis	Bru_genome43	GCF_900236515.1	From INSDC submitter	3295070	Complete Genome	2017-12-04	3168	SAMEA104369544
Brucella melitensis	Bru_genome6	GCF_900236525.1	From INSDC submitter	3295083	Complete Genome	2017-12-04	3171	SAMEA104369530
Brucella melitensis	Bru_genome4	GCF_900236535.1	From INSDC submitter	3295033	Complete Genome	2017-12-04	3172	SAMEA104369528
Brucella melitensis	Bru_genome36	GCF_900236545.1	From INSDC submitter	3295203	Complete Genome	2017-12-04	3171	SAMEA104369540
Brucella melitensis	Bru_genome5	GCF_900236555.1	From INSDC submitter	3295047	Complete Genome	2017-12-04	3172	SAMEA104369529
Brucella melitensis	Bru_genome8	GCF_900236565.1	From INSDC submitter	3295107	Complete Genome	2017-12-04	3173	SAMEA104369532
Brucella melitensis	Bru_genome10	GCF_900236575.1	From INSDC submitter	3294987	Complete Genome	2017-12-04	3170	SAMEA104369534
Brucella melitensis	Bru_genome1	GCF_900236585.1	From INSDC submitter	3295066	Complete Genome	2017-12-04	3175	SAMEA104369526
Brucella melitensis	01-3016-5171	GCF_900417195.1	From INSDC submitter	3287980	Scaffold	2018-12-19	3173	SAMEA4681501
Brucella melitensis	00-2529-3	GCF_900417225.1	From INSDC submitter	3289519	Scaffold	2018-12-19	3176	SAMEA4681504
Brucella melitensis	00-3099-5733	GCF_900417255.1	From INSDC submitter	3287971	Scaffold	2018-12-19	3175	SAMEA4681507
Brucella melitensis	ASM130747v2	GCA_001307475.2	From INSDC submitter	3310789	Complete Genome	2017-02-15	3388	SAMN03860331
Brucella melitensis	ASM143174v1	GCA_001431745.1	From INSDC submitter	3311875	Complete Genome	2015-11-04	3219	SAMN02714221
Brucella melitensis	ASM171546v1	GCA_001715465.1	From INSDC submitter	3312776	Chromosome	2016-08-29	3174	SAMN05578252
Brucella melitensis	ASM171548v1	GCA_001715485.1	From INSDC submitter	3309874	Complete Genome	2016-08-29	3163	SAMN05559134
Brucella melitensis	ASM219123v1	GCA_002191235.1	From INSDC submitter	3311054	Complete Genome	2017-06-13	3417	SAMN05932969
Brucella melitensis	ASM219125v1	GCA_002191255.1	From INSDC submitter	3313147	Chromosome	2017-06-13	3420	SAMN05932954
Brucella melitensis	ASM219127v1	GCA_002191275.1	From INSDC submitter	3311132	Chromosome	2017-06-13	3416	SAMN05932957
Brucella melitensis	ASM219129v1	GCA_002191295.1	From INSDC submitter	3313492	Complete Genome	2017-06-13	3420	SAMN05932947
Brucella melitensis	ASM219131v1	GCA_002191315.1	From INSDC submitter	3312286	Chromosome	2017-06-13	3416	SAMN05932931
Brucella melitensis	ASM219133v1	GCA_002191335.1	From INSDC submitter	3311923	Complete Genome	2017-06-13	3416	SAMN05932974
Brucella melitensis	ASM219135v1	GCA_002191355.1	From INSDC submitter	3310467	Complete Genome	2017-06-13	3417	SAMN05932955
Brucella melitensis	ASM219137v1	GCA_002191375.1	From INSDC submitter	3309727	Complete Genome	2017-06-13	3417	SAMN05932987
Brucella melitensis	ASM219139v1	GCA_002191395.1	From INSDC submitter	3312622	Chromosome	2017-06-13	3417	SAMN05932952
Brucella melitensis	ASM219141v1	GCA_002191415.1	From INSDC submitter	3310615	Chromosome	2017-06-13	3419	SAMN05932985
Brucella melitensis	ASM219143v1	GCA_002191435.1	From INSDC submitter	3303199	Chromosome	2017-06-13	3412	SAMN05932921
Brucella melitensis	ASM219145v1	GCA_002191455.1	From INSDC submitter	3312670	Complete Genome	2017-06-13	3417	SAMN05932948
Brucella melitensis	ASM219147v1	GCA_002191475.1	From INSDC submitter	3311691	Chromosome	2017-06-13	3413	SAMN05932956
Brucella melitensis	ASM219149v1	GCA_002191495.1	From INSDC submitter	3312780	Chromosome	2017-06-13	3418	SAMN05932963
Brucella melitensis	ASM219151v1	GCA_002191515.1	From INSDC submitter	3312548	Chromosome	2017-06-13	3416	SAMN05932960
Brucella melitensis	ASM219153v1	GCA_002191535.1	From INSDC submitter	3312631	Chromosome	2017-06-13	3419	SAMN05932970
Brucella melitensis	ASM219155v1	GCA_002191555.1	From INSDC submitter	3313072	Chromosome	2017-06-13	3418	SAMN05932962
Brucella melitensis	ASM219157v1	GCA_002191575.1	From INSDC submitter	3311409	Complete Genome	2017-06-13	3416	SAMN05932951
Brucella melitensis	ASM219159v1	GCA_002191595.1	From INSDC submitter	3313533	Chromosome	2017-06-13	3419	SAMN05932989
Brucella melitensis	ASM219161v1	GCA_002191615.1	From INSDC submitter	3312739	Complete Genome	2017-06-13	3417	SAMN05932920
Brucella melitensis	ASM219163v1	GCA_002191635.1	From INSDC submitter	3312547	Chromosome	2017-06-13	3417	SAMN05932916
Brucella melitensis	ASM219165v1	GCA_002191655.1	From INSDC submitter	3312719	Complete Genome	2017-06-13	3417	SAMN05932930
Brucella melitensis	ASM219167v1	GCA_002191675.1	From INSDC submitter	3312621	Complete Genome	2017-06-13	3417	SAMN05932975
Brucella melitensis	ASM219169v1	GCA_002191695.1	From INSDC submitter	3314625	Chromosome	2017-06-13	3427	SAMN05932961
Brucella melitensis	ASM219171v1	GCA_002191715.1	From INSDC submitter	3311118	Chromosome	2017-06-13	3413	SAMN05932978
Brucella melitensis	ASM219173v1	GCA_002191735.1	From INSDC submitter	3314720	Chromosome	2017-06-13	3421	SAMN05932971
Brucella melitensis	ASM219175v1	GCA_002191755.1	From INSDC submitter	3312616	Complete Genome	2017-06-13	3419	SAMN05932973
Brucella melitensis	ASM219177v1	GCA_002191775.1	From INSDC submitter	3312594	Chromosome	2017-06-13	3419	SAMN05932972
Brucella melitensis	ASM219179v1	GCA_002191795.1	From INSDC submitter	3312757	Chromosome	2017-06-13	3420	SAMN05932965
Brucella melitensis	ASM219181v1	GCA_002191815.1	From INSDC submitter	3313536	Chromosome	2017-06-13	3417	SAMN05932950
Brucella melitensis	ASM219183v1	GCA_002191835.1	From INSDC submitter	3312633	Chromosome	2017-06-13	3419	SAMN05932980
Brucella melitensis	ASM219185v1	GCA_002191855.1	From INSDC submitter	3312294	Chromosome	2017-06-13	3418	SAMN05932986
Brucella melitensis	ASM219187v1	GCA_002191875.1	From INSDC submitter	3312703	Chromosome	2017-06-13	3418	SAMN05932959
Brucella melitensis	ASM219189v1	GCA_002191895.1	From INSDC submitter	3311497	Chromosome	2017-06-13	3416	SAMN05932984
Brucella melitensis	ASM219191v1	GCA_002191915.1	From INSDC submitter	3311334	Complete Genome	2017-06-13	3416	SAMN05932949
Brucella melitensis	ASM219193v1	GCA_002191935.1	From INSDC submitter	3303645	Chromosome	2017-06-13	3414	SAMN05932922
Brucella melitensis	ASM219199v1	GCA_002191995.1	From INSDC submitter	3311385	Chromosome	2017-06-13	3414	SAMN05932958
Brucella melitensis	ASM219201v1	GCA_002192015.1	From INSDC submitter	3313634	Chromosome	2017-06-13	3417	SAMN05932967
Brucella melitensis	ASM219203v1	GCA_002192035.1	From INSDC submitter	3313251	Chromosome	2017-06-13	3418	SAMN05932968
Brucella melitensis	ASM219205v1	GCA_002192055.1	From INSDC submitter	3312579	Chromosome	2017-06-13	3418	SAMN05932964
Brucella melitensis	ASM219207v1	GCA_002192075.1	From INSDC submitter	3312952	Chromosome	2017-06-13	3420	SAMN05932966
Brucella melitensis	ASM219209v1	GCA_002192095.1	From INSDC submitter	3312779	Complete Genome	2017-06-13	3415	SAMN05932953
Brucella melitensis	ASM219211v1	GCA_002192115.1	From INSDC submitter	3312673	Chromosome	2017-06-13	3418	SAMN05932979
Brucella melitensis	ASM219213v1	GCA_002192135.1	From INSDC submitter	3312503	Chromosome	2017-06-13	3420	SAMN05932983
Brucella melitensis	ASM219215v1	GCA_002192155.1	From INSDC submitter	3312521	Complete Genome	2017-06-13	3417	SAMN05932976
Brucella melitensis	ASM219217v1	GCA_002192175.1	From INSDC submitter	3311587	Chromosome	2017-06-13	3416	SAMN05932917
Brucella melitensis	ASM219219v1	GCA_002192195.1	From INSDC submitter	3314350	Chromosome	2017-06-13	3421	SAMN05932932
Brucella melitensis	ASM226295v1	GCA_002262955.1	From INSDC submitter	3311862	Complete Genome	2017-08-22	3373	SAMN07499375
Brucella melitensis	ASM226301v1	GCA_002263015.1	From INSDC submitter	3312673	Complete Genome	2017-08-22	3378	SAMN07508058
Brucella melitensis	ASM229012v1	GCA_002290125.1	From INSDC submitter	3302684	Chromosome	2017-09-12	3300	SAMN07580939
Brucella melitensis	ASM276361v1	GCA_002763615.1	From INSDC submitter	3311767	Complete Genome	2017-11-13	3369	SAMN07967141
Brucella melitensis	ASM289510v1	GCA_002895105.1	From INSDC submitter	3311210	Complete Genome	2018-01-22	3364	SAMN08176517
Brucella melitensis	ASM289512v1	GCA_002895125.1	From INSDC submitter	3310711	Complete Genome	2018-01-22	3370	SAMN08242171
Brucella melitensis	ASM295359v1	GCA_002953595.1	From INSDC submitter	3299170	Complete Genome	2018-02-09	3359	SAMN07981100
Brucella melitensis	ASM320553v1	GCA_003205535.1	From INSDC submitter	3311757	Complete Genome	2018-06-11	3372	SAMN09296271
Brucella melitensis	ASM351604v1	GCA_003516045.1	From INSDC submitter	3311401	Complete Genome	2018-09-10	3365	SAMN08322134
Brucella melitensis	ASM351606v1	GCA_003516065.1	From INSDC submitter	3311514	Complete Genome	2018-09-10	3368	SAMN08322136
Brucella melitensis	ASM351608v1	GCA_003516085.1	From INSDC submitter	3311860	Complete Genome	2018-09-10	3362	SAMN08322135
Brucella melitensis	ASM385641v1	GCA_003856415.1	From INSDC submitter	3312257	Complete Genome	2018-12-03	3373	SAMN10439570
Brucella melitensis	ASM398987v1	GCA_003989875.1	From INSDC submitter	3261381	Scaffold	2019-01-01	3336	SAMN10640304
Brucella melitensis	ASM398988v1	GCA_003989885.1	From INSDC submitter	3260590	Scaffold	2019-01-01	3332	SAMN10640302
Brucella melitensis	ASM398989v1	GCA_003989895.1	From INSDC submitter	3260156	Scaffold	2019-01-01	3334	SAMN10640301
Brucella melitensis	ASM399138v1	GCA_003991385.1	From INSDC submitter	3323809	Scaffold	2019-01-03	3392	SAMN10518779
Brucella melitensis	ASM420865v1	GCA_004208655.1	From INSDC submitter	3311869	Complete Genome	2019-02-17	3373	SAMN10829700
Brucella melitensis	ASM420867v1	GCA_004208675.1	From INSDC submitter	3311846	Complete Genome	2019-02-17	3373	SAMN10829699
Brucella melitensis	ASM420869v1	GCA_004208695.1	From INSDC submitter	3311825	Complete Genome	2019-02-17	3372	SAMN10829698
Brucella melitensis	ASM876159v1	GCA_008761595.1	From INSDC submitter	3311895	Complete Genome	2019-10-01	3372	SAMN12827001
Brucella melitensis	ASM876161v1	GCA_008761615.1	From INSDC submitter	3306324	Complete Genome	2019-10-01	3367	SAMN12827002
Brucella melitensis	ASM1641196v1	GCA_016411965.1	From INSDC submitter	3291796	Scaffold	2020-12-27	3180	SAMN17133145
Brucella melitensis	ASM1680610v1	GCA_016806105.1	From INSDC submitter	3290006	Scaffold	2021-02-03	3184	SAMN17150333
Brucella melitensis	ASM1688752v1	GCA_016887525.1	From INSDC submitter	3312015	Chromosome	2021-02-14	3183	SAMN17774836
Brucella melitensis	ASM1713997v1	GCA_017139975.1	From INSDC submitter	3311219	Chromosome	2021-03-02	3175	SAMN15402912
Brucella melitensis	ASM1714009v1	GCA_017140095.1	From INSDC submitter	3311219	Chromosome	2021-03-02	3175	SAMN15402910
Brucella melitensis	Bru_genome7	GCA_900236335.1		3295083	Complete Genome	2017-12-04		SAMEA104369531
Brucella melitensis	Bru_genome47	GCA_900236345.1		3294929	Complete Genome	2017-12-04		SAMEA104369548
Brucella melitensis	Bru_genome20	GCA_900236355.1		3295079	Complete Genome	2017-12-04		SAMEA104369537
Brucella melitensis	Bru_genome40	GCA_900236365.1		3295230	Complete Genome	2017-12-04		SAMEA104369542
Brucella melitensis	Bru_genome9	GCA_900236375.1		3295073	Complete Genome	2017-12-04		SAMEA104369533
Brucella melitensis	Bru_genome37	GCA_900236385.1		3295156	Complete Genome	2017-12-04		SAMEA104369541
Brucella melitensis	Bru_genome41	GCA_900236395.1		3295219	Complete Genome	2017-12-04		SAMEA104369543
Brucella melitensis	Bru_genome13	GCA_900236405.1		3295161	Complete Genome	2017-12-04		SAMEA104369536
Brucella melitensis	Bru_genome48	GCA_900236415.1		3295221	Complete Genome	2017-12-04		SAMEA104369549
Brucella melitensis	Bru_genome11	GCA_900236425.1		3295104	Complete Genome	2017-12-04		SAMEA104369535
Brucella melitensis	Bru_genome23	GCA_900236435.1		3295145	Complete Genome	2017-12-04		SAMEA104369538
Brucella melitensis	Bru_genome2	GCA_900236445.1		3295128	Complete Genome	2017-12-04		SAMEA104369527
Brucella melitensis	Bru_genome44	GCA_900236455.1		3295212	Complete Genome	2017-12-04		SAMEA104369545
Brucella melitensis	Bru_genome45	GCA_900236465.1		3295087	Complete Genome	2017-12-04		SAMEA104369546
Brucella melitensis	Bru_genome24	GCA_900236485.1		3295085	Complete Genome	2017-12-04		SAMEA104369539
Brucella melitensis	Bru_genome46	GCA_900236495.1		3295056	Complete Genome	2017-12-04		SAMEA104369547
Brucella melitensis	Bru_genome43	GCA_900236515.1		3295070	Complete Genome	2017-12-04		SAMEA104369544
Brucella melitensis	Bru_genome6	GCA_900236525.1		3295083	Complete Genome	2017-12-04		SAMEA104369530
Brucella melitensis	Bru_genome4	GCA_900236535.1		3295033	Complete Genome	2017-12-04		SAMEA104369528
Brucella melitensis	Bru_genome36	GCA_900236545.1		3295203	Complete Genome	2017-12-04		SAMEA104369540
Brucella melitensis	Bru_genome5	GCA_900236555.1		3295047	Complete Genome	2017-12-04		SAMEA104369529
Brucella melitensis	Bru_genome8	GCA_900236565.1		3295107	Complete Genome	2017-12-04		SAMEA104369532
Brucella melitensis	Bru_genome10	GCA_900236575.1		3294987	Complete Genome	2017-12-04		SAMEA104369534
Brucella melitensis	Bru_genome1	GCA_900236585.1		3295066	Complete Genome	2017-12-04		SAMEA104369526
Brucella melitensis	01-3016-5171	GCA_900417195.1		3287980	Scaffold	2018-12-19		SAMEA4681501
Brucella melitensis	00-2529-3	GCA_900417225.1		3289519	Scaffold	2018-12-19		SAMEA4681504
Brucella melitensis	00-3099-5733	GCA_900417255.1		3287971	Scaffold	2018-12-19		SAMEA4681507
Brucella melitensis 02-5863-1	Bruc_meli_02-5863-1_V1	GCF_000480095.1	From INSDC submitter	3300422	Scaffold	2013-10-24	3184	SAMN02334516
Brucella melitensis 02-5863-1	Bruc_meli_02-5863-1_V1	GCA_000480095.1	From INSDC submitter	3300422	Scaffold	2013-10-24	3210	SAMN02334516
Brucella melitensis ATCC 23457	ASM2262v1	GCF_000022625.1	From INSDC submitter	3311219	Complete Genome	2009-03-25	3179	SAMN02604296
Brucella melitensis ATCC 23457	ASM2262v1	GCA_000022625.1	From INSDC submitter	3311219	Complete Genome	2009-03-25	3347	SAMN02604296
Brucella melitensis BG2 (S27)	Bruc_meli_BG2_S27_V1	GCF_000370625.1	From INSDC submitter	3297780	Scaffold	2013-04-19	3174	SAMN00839732
Brucella melitensis BG2 (S27)	Bruc_meli_BG2_S27_V1	GCA_000370625.1	From INSDC submitter	3297780	Scaffold	2013-04-19	3197	SAMN00839732
Brucella melitensis F1/06 B10	Bruc_meli_F1_06_B10_V1	GCF_000370645.1	From INSDC submitter	3296860	Scaffold	2013-04-19	3177	SAMN00811208
Brucella melitensis F1/06 B10	Bruc_meli_F1_06_B10_V1	GCA_000370645.1	From INSDC submitter	3296860	Scaffold	2013-04-19	3205	SAMN00811208
Brucella melitensis F10/06-16	Bruc_meli_F10_06-16_V1	GCF_000370665.1	From INSDC submitter	3298896	Scaffold	2013-04-19	3171	SAMN00839697
Brucella melitensis F10/06-16	Bruc_meli_F10_06-16_V1	GCA_000370665.1	From INSDC submitter	3298896	Scaffold	2013-04-19	3197	SAMN00839697
Brucella melitensis F8/01-155	Bruc_meli_F8_01-155_V1	GCF_000370685.1	From INSDC submitter	3299548	Scaffold	2013-04-19	3178	SAMN00811213
Brucella melitensis F8/01-155	Bruc_meli_F8_01-155_V1	GCA_000370685.1	From INSDC submitter	3299548	Scaffold	2013-04-19	3206	SAMN00811213
Brucella melitensis F9/05	Bruc_meli_F9_05_V1	GCF_000370705.1	From INSDC submitter	3299419	Scaffold	2013-04-19	3178	SAMN00839730
Brucella melitensis F9/05	Bruc_meli_F9_05_V1	GCA_000370705.1	From INSDC submitter	3299419	Scaffold	2013-04-19	3203	SAMN00839730
Brucella melitensis M28	ASM19272v1	GCF_000192725.1	From INSDC submitter	3311748	Complete Genome	2011-03-18	3180	SAMN02603655
Brucella melitensis M28	ASM19272v1	GCA_000192725.1	From INSDC submitter	3311748	Complete Genome	2011-03-18	3427	SAMN02603655
Brucella melitensis M5-90	ASM19288v1	GCF_000192885.1	From INSDC submitter	3312229	Complete Genome	2011-03-22	3182	SAMN02603654
Brucella melitensis M5-90	ASM19288v1	GCA_000192885.1	From INSDC submitter	3312229	Complete Genome	2011-03-22	3424	SAMN02603654
Brucella melitensis NI	ASM22764v1	GCF_000227645.1	From INSDC submitter	3294475	Complete Genome	2011-10-06	3164	SAMN02603116
Brucella melitensis NI	ASM22764v1	GCA_000227645.1	From INSDC submitter	3294475	Complete Genome	2011-10-06	3290	SAMN02603116
Brucella melitensis UK14/06	Bruc_meli_UK14_06_V1	GCF_000370725.1	From INSDC submitter	3295672	Scaffold	2013-04-19	3177	SAMN00811216
Brucella melitensis UK14/06	Bruc_meli_UK14_06_V1	GCA_000370725.1	From INSDC submitter	3295672	Scaffold	2013-04-19	3203	SAMN00811216
Brucella melitensis UK22/04	Bruc_meli_UK22_04_V1	GCF_000370745.1	From INSDC submitter	3322387	Scaffold	2013-04-19	3214	SAMN00811218
Brucella melitensis UK22/04	Bruc_meli_UK22_04_V1	GCA_000370745.1	From INSDC submitter	3322387	Scaffold	2013-04-19	3233	SAMN00811218
Brucella melitensis UK23/06	Bruc_meli_UK23_06_V1	GCF_000370765.1	From INSDC submitter	3295911	Scaffold	2013-04-19	3173	SAMN00811220
Brucella melitensis UK23/06	Bruc_meli_UK23_06_V1	GCA_000370765.1	From INSDC submitter	3295911	Scaffold	2013-04-19	3196	SAMN00811220
Brucella melitensis UK29/05	Bruc_meli_UK29_05_V1	GCF_000370805.1	From INSDC submitter	3307170	Scaffold	2013-04-19	3180	SAMN00839702
Brucella melitensis UK29/05	Bruc_meli_UK29_05_V1	GCA_000370805.1	From INSDC submitter	3307170	Scaffold	2013-04-19	3209	SAMN00839702
Brucella melitensis UK3/06	Bruc_meli_UK3_06_V1	GCF_000370825.1	From INSDC submitter	3310006	Scaffold	2013-04-19	3183	SAMN00839724
Brucella melitensis UK3/06	Bruc_meli_UK3_06_V1	GCA_000370825.1	From INSDC submitter	3310006	Scaffold	2013-04-19	3206	SAMN00839724
Brucella melitensis UK31/99	Bruc_meli_UK31_99_V1	GCF_000370845.1	From INSDC submitter	3323800	Scaffold	2013-04-19	3203	SAMN00839711
Brucella melitensis UK31/99	Bruc_meli_UK31_99_V1	GCA_000370845.1	From INSDC submitter	3323800	Scaffold	2013-04-19	3238	SAMN00839711
Brucella melitensis UK37/05	Bruc_meli_UK37_05_V1	GCF_000370865.1	From INSDC submitter	3301172	Scaffold	2013-04-19	3180	SAMN00811222
Brucella melitensis UK37/05	Bruc_meli_UK37_05_V1	GCA_000370865.1	From INSDC submitter	3301172	Scaffold	2013-04-19	3206	SAMN00811222
Brucella melitensis Uk24/06	Bruc_meli_Uk24_06_V1	GCF_000370785.1	From INSDC submitter	3295037	Scaffold	2013-04-19	3176	SAMN00811221
Brucella melitensis Uk24/06	Bruc_meli_Uk24_06_V1	GCA_000370785.1	From INSDC submitter	3295037	Scaffold	2013-04-19	3205	SAMN00811221
Brucella melitensis bv. 1 str. 16M	ASM712v1	GCF_000007125.1	From INSDC submitter	3294931	Complete Genome	2001-12-28	3170	SAMN02603416
Brucella melitensis bv. 1 str. 16M	ASM16029v1	GCF_000160295.1	From INSDC submitter	3291248	Scaffold	2009-09-30	3155	SAMN02595311
Brucella melitensis bv. 1 str. 16M	ASM74041v1	GCF_000740415.1	From INSDC submitter	3294775	Complete Genome	2014-08-15	3168	SAMN02795970
Brucella melitensis bv. 1 str. 16M	ASM712v1	GCA_000007125.1	From INSDC submitter	3294931	Complete Genome	2001-12-28	3264	SAMN02603416
Brucella melitensis bv. 1 str. 16M	ASM16029v1	GCA_000160295.1	From INSDC submitter	3291248	Scaffold	2009-09-30	3131	SAMN02595311
Brucella melitensis bv. 1 str. 16M	ASM74041v1	GCA_000740415.1	From INSDC submitter	3294775	Complete Genome	2014-08-15	3188	SAMN02795970
Brucella melitensis bv. 1 str. Rev.1	ASM15869v1	GCF_000158695.1	From INSDC submitter	3305822	Scaffold	2009-02-24	3163	SAMN02595288
Brucella melitensis bv. 1 str. Rev.1	ASM15869v1	GCA_000158695.1	From INSDC submitter	3305822	Scaffold	2009-02-24	3268	SAMN02595288
Brucella melitensis bv. 2 str. 63/9	ASM74039v1	GCF_000740395.1	From INSDC submitter	3312958	Chromosome	2014-08-15	3186	SAMN02786857
Brucella melitensis bv. 2 str. 63/9	ASM74039v1	GCA_000740395.1	From INSDC submitter	3312958	Chromosome	2014-08-15	3201	SAMN02786857
Brucella melitensis bv. 3	ASM1731142v1	GCF_017311425.1	From INSDC submitter	3295722	Scaffold	2021-03-09	3176	SAMN17526370
Brucella melitensis bv. 3	ASM1731142v1	GCA_017311425.1		3295722	Scaffold	2021-03-09		SAMN17526370
Brucella melitensis bv. 3 str. Ether	ASM15873v1	GCF_000158735.1	From INSDC submitter	3308792	Scaffold	2009-02-24	3168	SAMN02595290
Brucella melitensis bv. 3 str. Ether	ASM74035v1	GCF_000740355.1	From INSDC submitter	3310727	Complete Genome	2014-08-15	3184	SAMN02795947
Brucella melitensis bv. 3 str. Ether	ASM15873v1	GCA_000158735.1	From INSDC submitter	3308792	Scaffold	2009-02-24	3286	SAMN02595290
Brucella melitensis bv. 3 str. Ether	ASM74035v1	GCA_000740355.1	From INSDC submitter	3310727	Complete Genome	2014-08-15	3186	SAMN02795947
Brucella microti CCM 4915	ASM2274v1	GCF_000022745.1	From INSDC submitter	3337369	Complete Genome	2009-08-18	3173	SAMN02603148
Brucella microti CCM 4915	ASM2274v1	GCA_000022745.1	From INSDC submitter	3337369	Complete Genome	2009-08-18	3415	SAMN02603148
Brucella neotomae 5K33	ASM15871v1	GCF_000158715.1	From INSDC submitter	3329623	Scaffold	2009-02-24	3158	SAMN02595289
Brucella neotomae 5K33	ASM74225v1	GCF_000742255.1	From INSDC submitter	3329464	Scaffold	2014-08-19	3190	SAMN02768006
Brucella neotomae 5K33	ASM15871v1	GCA_000158715.1	From INSDC submitter	3329623	Scaffold	2009-02-24	3265	SAMN02595289
Brucella neotomae 5K33	ASM74225v1	GCA_000742255.1	From INSDC submitter	3329464	Scaffold	2014-08-19	3265	SAMN02768006
Brucella ovis 63/96	Bruc_ovis_63_96_V1	GCF_000370885.1	From INSDC submitter	3279023	Scaffold	2013-04-19	3169	SAMN00839726
Brucella ovis 63/96	Bruc_ovis_63_96_V1	GCA_000370885.1	From INSDC submitter	3279023	Scaffold	2013-04-19	3276	SAMN00839726
Brucella ovis 81/8	Bruc_ovis_81_8_V1	GCF_000370905.1	From INSDC submitter	3300454	Scaffold	2013-04-19	3200	SAMN00839736
Brucella ovis 81/8	Bruc_ovis_81_8_V1	GCA_000370905.1	From INSDC submitter	3300454	Scaffold	2013-04-19	3311	SAMN00839736
Brucella ovis ATCC 25840	ASM1684v1	GCF_000016845.1	From INSDC submitter	3275590	Complete Genome	2007-05-30	3171	SAMN02604024
Brucella ovis ATCC 25840	ASM1684v1	GCA_000016845.1	From INSDC submitter	3275590	Complete Genome	2007-05-30	3200	SAMN02604024
Brucella ovis IntaBari-2010-47-268	Bruc_ovis_IntaBari-2010-47-268_V1	GCF_000371345.1	From INSDC submitter	3291421	Scaffold	2013-04-19	3192	SAMN01921147
Brucella ovis IntaBari-2010-47-268	Bruc_ovis_IntaBari-2010-47-268_V1	GCA_000371345.1	From INSDC submitter	3291421	Scaffold	2013-04-19	3303	SAMN01921147
Brucella pecoris	ASM1419706v1	GCF_014197065.1	From INSDC submitter	5067169	Scaffold	2020-08-14	4877	SAMN13172821
Brucella pecoris	ASM1419706v1	GCA_014197065.1	From INSDC submitter	5067169	Scaffold	2020-08-14	5040	SAMN13172821
Brucella pinnipedialis	ASM74027v1	GCF_000740275.1	From INSDC submitter	3331029	Complete Genome	2014-08-15	3181	SAMN02781126
Brucella pinnipedialis	ASM1562446v1	GCF_015624465.1	From INSDC submitter	3312423	Complete Genome	2020-11-20	3150	SAMN16205670
Brucella pinnipedialis	ASM74027v1	GCA_000740275.1	From INSDC submitter	3331029	Complete Genome	2014-08-15	3180	SAMN02781126
Brucella pinnipedialis	ASM1562446v1	GCA_015624465.1	From INSDC submitter	3312423	Complete Genome	2020-11-20	3150	SAMN16205670
Brucella pinnipedialis B2/94	ASM15781v1	GCF_000157815.1	From INSDC submitter	3398674	Scaffold	2009-01-27	3212	SAMN02595282
Brucella pinnipedialis B2/94	ASM22100v1	GCF_000221005.1	From INSDC submitter	3399268	Complete Genome	2011-07-20	3249	SAMN02603341
Brucella pinnipedialis B2/94	ASM15781v1	GCA_000157815.1	From INSDC submitter	3398674	Scaffold	2009-01-27	3339	SAMN02595282
Brucella pinnipedialis B2/94	ASM22100v1	GCA_000221005.1	From INSDC submitter	3399268	Complete Genome	2011-07-20	3506	SAMN02603341
Brucella pinnipedialis M163/99/10	ASM15779v1	GCF_000157795.1	From INSDC submitter	3404050	Scaffold	2009-01-27	3279	SAMN02595281
Brucella pinnipedialis M163/99/10	ASM15779v1	GCA_000157795.1	From INSDC submitter	3404050	Scaffold	2009-01-27	3342	SAMN02595281
Brucella pinnipedialis M292/94/1	ASM15867v1	GCF_000158675.1	From INSDC submitter	3373519	Scaffold	2009-02-24	3164	SAMN02595287
Brucella pinnipedialis M292/94/1	ASM15867v1	GCA_000158675.1	From INSDC submitter	3373519	Scaffold	2009-02-24	3284	SAMN02595287
Brucella pituitosa	ASM280353v1	GCF_002803535.1	From INSDC submitter	4885407	Scaffold	2017-12-03	4595	SAMN08100214
Brucella pituitosa	ASM202562v1	GCF_002025625.1	From INSDC submitter	5467370	Complete Genome	2017-03-13	5021	SAMN06130960
Brucella pituitosa	ASM202562v1	GCA_002025625.1		5467370	Complete Genome	2017-03-13		SAMN06130960
Brucella pituitosa	ASM280353v1	GCA_002803535.1	From INSDC submitter	4885407	Scaffold	2017-12-03	4673	SAMN08100214
Brucella pseudogrignonensis	ASM165248v1	GCF_001652485.1	From INSDC submitter	4992805	Complete Genome	2016-05-26	4697	SAMN04994838
Brucella pseudogrignonensis	ASM297921v1	GCF_002979215.1	From INSDC submitter	4936467	Scaffold	2018-03-07	4617	SAMN07581411
Brucella pseudogrignonensis	ASM297929v1	GCF_002979295.1	From INSDC submitter	4939200	Scaffold	2018-03-07	4624	SAMN07581402
Brucella pseudogrignonensis	ASM1310922v1	GCF_013109225.1	From INSDC submitter	5622438	Scaffold	2020-05-15	5422	SAMN08166471
Brucella pseudogrignonensis	ASM165248v1	GCA_001652485.1	From INSDC submitter	4992805	Complete Genome	2016-05-26	4693	SAMN04994838
Brucella pseudogrignonensis	ASM297921v1	GCA_002979215.1	From INSDC submitter	4936467	Scaffold	2018-03-07	4659	SAMN07581411
Brucella pseudogrignonensis	ASM297929v1	GCA_002979295.1	From INSDC submitter	4939200	Scaffold	2018-03-07	4669	SAMN07581402
Brucella pseudogrignonensis	ASM1310922v1	GCA_013109225.1	From INSDC submitter	5622438	Scaffold	2020-05-15	5425	SAMN08166471
Brucella sp. 04-5288	Bruc_sp_04-5288_V1	GCF_000480195.1	From INSDC submitter	3306897	Scaffold	2013-10-24	3165	SAMN02334514
Brucella sp. 04-5288	Bruc_sp_04-5288_V1	GCA_000480195.1	From INSDC submitter	3306897	Scaffold	2013-10-24	3165	SAMN02334514
Brucella sp. 09RB8471	ASM197162v1	GCF_001971625.1	From INSDC submitter	3434749	Complete Genome	2017-01-26	3278	SAMN05890481
Brucella sp. 09RB8471	ASM197162v1	GCA_001971625.1	From INSDC submitter	3434749	Complete Genome	2017-01-26	3463	SAMN05890481
Brucella sp. 09RB8910	ASM197180v1	GCF_001971805.1	From INSDC submitter	3592978	Complete Genome	2017-01-26	3422	SAMN05890480
Brucella sp. 09RB8910	ASM197180v1	GCA_001971805.1	From INSDC submitter	3592978	Complete Genome	2017-01-26	3653	SAMN05890480
Brucella sp. 10RB9215	10RB9215v1	GCF_900092405.1	From INSDC submitter	3562813	Complete Genome	2016-12-13	3362	SAMEA4063032
Brucella sp. 10RB9215	10RB9215v1	GCA_900092405.1	From INSDC submitter	3562813	Complete Genome	2016-12-13	3343	SAMEA4063032
Brucella sp. 2002734562	ASM171538v1	GCF_001715385.1	From INSDC submitter	3283485	Complete Genome	2016-08-29	3165	SAMN05577733
Brucella sp. 2002734562	ASM171538v1	GCA_001715385.1	From INSDC submitter	3283485	Complete Genome	2016-08-29	3180	SAMN05577733
Brucella sp. 2280	ASM960172v1	GCF_009601725.1	From INSDC submitter	3584454	Complete Genome	2019-11-06	3505	SAMN12091575
Brucella sp. 2280	ASM960172v1	GCA_009601725.1	From INSDC submitter	3584454	Complete Genome	2019-11-06	3510	SAMN12091575
Brucella sp. 458	ASM1779788v1	GCF_017797885.1	From INSDC submitter	3316585	Complete Genome	2021-04-06	3107	SAMN18395631
Brucella sp. 458	ASM1779788v1	GCA_017797885.1	From INSDC submitter	3316585	Complete Genome	2021-04-06	3107	SAMN18395631
Brucella sp. 56/94	Bruc_sp_56_94_V1	GCF_000370925.1	From INSDC submitter	3324827	Scaffold	2013-04-19	3178	SAMN00839716
Brucella sp. 56/94	Bruc_sp_56_94_V1	GCA_000370925.1	From INSDC submitter	3324827	Scaffold	2013-04-19	3181	SAMN00839716
Brucella sp. 63/311	Bruc_sp_63_311_V1	GCF_000370945.1	From INSDC submitter	3353781	Scaffold	2013-04-19	3204	SAMN00811223
Brucella sp. 63/311	Bruc_sp_63_311_V1	GCA_000370945.1	From INSDC submitter	3353781	Scaffold	2013-04-19	3218	SAMN00811223
Brucella sp. 6810	ASM1449590v1	GCF_014495905.1	From INSDC submitter	3522910	Complete Genome	2020-09-09	3419	SAMN15962648
Brucella sp. 6810	ASM1449590v1	GCA_014495905.1	From INSDC submitter	3522910	Complete Genome	2020-09-09	3419	SAMN15962648
Brucella sp. 83/13	ASM15787v1	GCF_000157875.1	From INSDC submitter	3153851	Scaffold	2009-01-27	2952	SAMN02595285
Brucella sp. 83/13	ASM15787v1	GCA_000157875.1	From INSDC submitter	3153851	Scaffold	2009-01-27	3032	SAMN02595285
Brucella sp. B13-0095	ASM174281v1	GCF_001742815.1	From INSDC submitter	3153099	Scaffold	2016-09-23	3011	SAMN05277611
Brucella sp. B13-0095	ASM174281v1	GCA_001742815.1	From INSDC submitter	3153099	Scaffold	2016-09-23	2979	SAMN05277611
Brucella sp. BO2	ASM1583211v1	GCF_015832115.1	From INSDC submitter	3290672	Complete Genome	2020-12-08	3089	SAMN16909640
Brucella sp. BO2	ASM1583211v1	GCA_015832115.1	From INSDC submitter	3290672	Complete Genome	2020-12-08	3091	SAMN16909640
Brucella sp. BO3	ASM1408400v1	GCF_014084005.1	From INSDC submitter	3378310	Complete Genome	2020-08-06	3199	SAMN13656845
Brucella sp. BO3	ASM1408400v1	GCA_014084005.1	From INSDC submitter	3378310	Complete Genome	2020-08-06	3202	SAMN13656845
Brucella sp. BTU1	ASM1879882v1	GCF_018798825.1	From INSDC submitter	5879036	Complete Genome	2021-06-09	5477	SAMN19403784
Brucella sp. BTU1	ASM1879882v1	GCA_018798825.1	From INSDC submitter	5879036	Complete Genome	2021-06-09	5477	SAMN19403784
Brucella sp. DSM 103976	ASM1420199v1	GCF_014201995.1	From INSDC submitter	3383124	Scaffold	2020-08-14	3213	SAMN14915973
Brucella sp. F23/97	Bruc_sp_F23_97_V1	GCF_000370965.1	From INSDC submitter	3312508	Scaffold	2013-04-19	3168	SAMN01047751
Brucella sp. F23/97	Bruc_sp_F23_97_V1	GCA_000370965.1	From INSDC submitter	3312508	Scaffold	2013-04-19	3171	SAMN01047751
Brucella sp. F5/06	Bruc_sp_F5_06_V1	GCF_000370985.1	From INSDC submitter	3360293	Scaffold	2013-04-19	3229	SAMN00839728
Brucella sp. F5/06	Bruc_sp_F5_06_V1	GCA_000370985.1	From INSDC submitter	3360293	Scaffold	2013-04-19	3270	SAMN00839728
Brucella sp. F5/99	ASM15899v1	GCF_000158995.1	From INSDC submitter	3336716	Scaffold	2009-04-01	3133	SAMN02595303
Brucella sp. F5/99	ASM15899v1	GCA_000158995.1	From INSDC submitter	3336716	Scaffold	2009-04-01	3271	SAMN02595303
Brucella sp. F8/99	Bruc_sp_F8_99_V1	GCF_000371005.1	From INSDC submitter	3313861	Scaffold	2013-04-19	3168	SAMN00811224
Brucella sp. F8/99	Bruc_sp_F8_99_V1	GCA_000371005.1	From INSDC submitter	3313861	Scaffold	2013-04-19	3157	SAMN00811224
Brucella sp. F96/2	Bruc_sp_F96_2_V1	GCF_000371025.1	From INSDC submitter	3361076	Scaffold	2013-04-19	3236	SAMN00839725
Brucella sp. F96/2	Bruc_sp_F96_2_V1	GCA_000371025.1	From INSDC submitter	3361076	Scaffold	2013-04-19	3255	SAMN00839725
Brucella sp. NVSL 07-0026	ASM16313v1	GCF_000163135.1	From INSDC submitter	3297137	Scaffold	2010-04-16	3184	SAMN02595355
Brucella sp. NVSL 07-0026	ASM16313v1	GCA_000163135.1	From INSDC submitter	3297137	Scaffold	2010-04-16	3296	SAMN02595355
Brucella sp. UK1/97	Bruc_sp_UK1_97_V1	GCF_000371045.1	From INSDC submitter	3307641	Scaffold	2013-04-19	3157	SAMN00811226
Brucella sp. UK1/97	Bruc_sp_UK1_97_V1	GCA_000371045.1	From INSDC submitter	3307641	Scaffold	2013-04-19	3172	SAMN00811226
Brucella sp. UK40/99	Bruc_sp_UK40_99_V1	GCF_000371065.1	From INSDC submitter	3376429	Scaffold	2013-04-19	3233	SAMN00811228
Brucella sp. UK40/99	Bruc_sp_UK40_99_V1	GCA_000371065.1	From INSDC submitter	3376429	Scaffold	2013-04-19	3224	SAMN00811228
Brucella suis	ASM74023v1	GCF_000740235.1	From INSDC submitter	3319697	Complete Genome	2014-08-15	3155	SAMN02780910
Brucella suis	ASM74043v1	GCF_000740435.1	From INSDC submitter	3313865	Complete Genome	2014-08-15	3158	SAMN02787065
Brucella suis	ASM74199v1	GCF_000741995.1	From INSDC submitter	3309264	Scaffold	2014-08-19	3158	SAMN02777546
Brucella suis	ASM74205v1	GCF_000742055.1	From INSDC submitter	3317431	Scaffold	2014-08-19	3174	SAMN02777841
Brucella suis	ASM87569v1	GCF_000875695.1	From INSDC submitter	3315086	Complete Genome	2015-02-13	3161	SAMN03292446
Brucella suis	ASM171542v1	GCF_001715425.1	From INSDC submitter	3315231	Complete Genome	2016-08-29	3161	SAMN05559129
Brucella suis	ASM274947v1	GCF_002749475.1	From INSDC submitter	3315195	Complete Genome	2017-11-03	3160	SAMN07840743
Brucella suis	ASM1999862v1	GCF_019998625.1	From INSDC submitter	3297225	Chromosome	2021-09-15	3164	SAMN21183180
Brucella suis	ASM74023v1	GCA_000740235.1	From INSDC submitter	3319697	Complete Genome	2014-08-15	3135	SAMN02780910
Brucella suis	ASM74043v1	GCA_000740435.1	From INSDC submitter	3313865	Complete Genome	2014-08-15	3153	SAMN02787065
Brucella suis	ASM74199v1	GCA_000741995.1	From INSDC submitter	3309264	Scaffold	2014-08-19	3159	SAMN02777546
Brucella suis	ASM74205v1	GCA_000742055.1	From INSDC submitter	3317431	Scaffold	2014-08-19	3210	SAMN02777841
Brucella suis	ASM87569v1	GCA_000875695.1	From INSDC submitter	3315086	Complete Genome	2015-02-13	3144	SAMN03292446
Brucella suis	ASM171542v1	GCA_001715425.1	From INSDC submitter	3315231	Complete Genome	2016-08-29	3143	SAMN05559129
Brucella suis	ASM274947v1	GCA_002749475.1	From INSDC submitter	3315195	Complete Genome	2017-11-03	3350	SAMN07840743
Brucella suis	ASM1999862v1	GCA_019998625.1		3297225	Chromosome	2021-09-15		SAMN21183180
Brucella suis 01-5744	Bruc_suis_01-5744_V1	GCF_000371085.1	From INSDC submitter	3311044	Scaffold	2013-04-19	3152	SAMN00839712
Brucella suis 01-5744	Bruc_suis_01-5744_V1	GCA_000371085.1	From INSDC submitter	3311044	Scaffold	2013-04-19	3157	SAMN00839712
Brucella suis 019	ASM159416v1	GCF_001594165.1	From INSDC submitter	3302824	Chromosome	2016-01-15	3147	SAMN04404261
Brucella suis 019	ASM159416v1	GCA_001594165.1	From INSDC submitter	3302824	Chromosome	2016-01-15	3132	SAMN04404261
Brucella suis 04-0115	Bruc_suis_04-0115_V1	GCF_000480055.1	From INSDC submitter	3318006	Scaffold	2013-10-24	3167	SAMN02334521
Brucella suis 04-0115	Bruc_suis_04-0115_V1	GCA_000480055.1	From INSDC submitter	3318006	Scaffold	2013-10-24	3211	SAMN02334521
Brucella suis 06-988-1656	Bruc_suis_06-988-1656_V1	GCF_000480315.1	From INSDC submitter	3321549	Scaffold	2013-10-24	3167	SAMN02334508
Brucella suis 06-988-1656	Bruc_suis_06-988-1656_V1	GCA_000480315.1	From INSDC submitter	3321549	Scaffold	2013-10-24	3212	SAMN02334508
Brucella suis 1330	ASM750v1	GCF_000007505.1	From INSDC submitter	3315175	Complete Genome	2004-10-13	3161	SAMN02603682
Brucella suis 1330	ASM22319v1	GCF_000223195.1	From INSDC submitter	3315163	Complete Genome	2011-08-10	3161	SAMN02604297
Brucella suis 1330	ASM74200v1	GCF_000742005.1	From INSDC submitter	3296001	Scaffold	2014-08-19	3157	SAMN02777545
Brucella suis 1330	ASM750v1	GCA_000007505.1	From INSDC submitter	3315175	Complete Genome	2004-10-13	3384	SAMN02603682
Brucella suis 1330	ASM22319v1	GCA_000223195.1	From INSDC submitter	3315163	Complete Genome	2011-08-10	3437	SAMN02604297
Brucella suis 1330	ASM74200v1	GCA_000742005.1	From INSDC submitter	3296001	Scaffold	2014-08-19	3178	SAMN02777545
Brucella suis 63/198	Bruc_suis_63_198_V1	GCF_000371105.1	From INSDC submitter	3308133	Scaffold	2013-04-19	3157	SAMN00811230
Brucella suis 63/198	Bruc_suis_63_198_V1	GCA_000371105.1	From INSDC submitter	3308133	Scaffold	2013-04-19	3167	SAMN00811230
Brucella suis 63/261	Bruc_suis_63_261_V1	GCF_000371125.1	From INSDC submitter	3321466	Scaffold	2013-04-19	3174	SAMN00811232
Brucella suis 63/261	Bruc_suis_63_261_V1	GCA_000371125.1	From INSDC submitter	3321466	Scaffold	2013-04-19	3214	SAMN00811232
Brucella suis ATCC 23445	ASM1890v1	GCF_000018905.1	From INSDC submitter	3324607	Complete Genome	2007-12-20	3175	SAMN02604298
Brucella suis ATCC 23445	ASM1890v1	GCA_000018905.1	From INSDC submitter	3324607	Complete Genome	2007-12-20	3426	SAMN02604298
Brucella suis CNGB 247	Bruc_suis_CNGB_247_V1	GCF_000371145.1	From INSDC submitter	3306601	Scaffold	2013-04-19	3158	SAMN01047734
Brucella suis CNGB 247	Bruc_suis_CNGB_247_V1	GCA_000371145.1	From INSDC submitter	3306601	Scaffold	2013-04-19	3162	SAMN01047734
Brucella suis F12/02	Bruc_suis_F12_02_V1	GCF_000371165.1	From INSDC submitter	3325040	Scaffold	2013-04-19	3176	SAMN00811235
Brucella suis F12/02	Bruc_suis_F12_02_V1	GCA_000371165.1	From INSDC submitter	3325040	Scaffold	2013-04-19	3224	SAMN00811235
Brucella suis F5/05-10	Bruc_suis_5_05-10_V1	GCF_000371185.1	From INSDC submitter	3346445	Scaffold	2013-04-19	3199	SAMN00839713
Brucella suis F5/05-10	Bruc_suis_5_05-10_V1	GCA_000371185.1	From INSDC submitter	3346445	Scaffold	2013-04-19	3234	SAMN00839713
Brucella suis F5/05-4	Bruc_suis_F5_05-4_V1	GCF_000371205.1	From INSDC submitter	3348941	Scaffold	2013-04-19	3201	SAMN00839696
Brucella suis F5/05-4	Bruc_suis_F5_05-4_V1	GCA_000371205.1	From INSDC submitter	3348941	Scaffold	2013-04-19	3242	SAMN00839696
Brucella suis F7/06-1	Bruc_suis_F7_06-1_V1	GCF_000371225.1	From INSDC submitter	3341187	Scaffold	2013-04-19	3189	SAMN00839727
Brucella suis F7/06-1	Bruc_suis_F7_06-1_V1	GCA_000371225.1	From INSDC submitter	3341187	Scaffold	2013-04-19	3230	SAMN00839727
Brucella suis F7/06-2	Bruc_suis_F7_06-2_V1	GCF_000371245.1	From INSDC submitter	3335960	Scaffold	2013-04-19	3189	SAMN00839715
Brucella suis F7/06-2	Bruc_suis_F7_06-2_V1	GCA_000371245.1	From INSDC submitter	3335960	Scaffold	2013-04-19	3229	SAMN00839715
Brucella suis F7/06-5	Bruc_suis_F7_06-5_V1	GCF_000371265.1	From INSDC submitter	3333083	Scaffold	2013-04-19	3188	SAMN00839714
Brucella suis F7/06-5	Bruc_suis_F7_06-5_V1	GCA_000371265.1	From INSDC submitter	3333083	Scaffold	2013-04-19	3223	SAMN00839714
Brucella suis F8/06-1	Bruc_suis_F8_06-1_V1	GCF_000371285.1	From INSDC submitter	3320904	Scaffold	2013-04-19	3184	SAMN00839734
Brucella suis F8/06-1	Bruc_suis_F8_06-1_V1	GCA_000371285.1	From INSDC submitter	3320904	Scaffold	2013-04-19	3220	SAMN00839734
Brucella suis F8/06-3	Bruc_suis_F8_06-3_V1	GCF_000371305.1	From INSDC submitter	3335164	Scaffold	2013-04-19	3190	SAMN00839695
Brucella suis F8/06-3	Bruc_suis_F8_06-3_V1	GCA_000371305.1	From INSDC submitter	3335164	Scaffold	2013-04-19	3235	SAMN00839695
Brucella suis F9/06-1	Bruc_suis_F9_06-1_V1	GCF_000371325.1	From INSDC submitter	3321764	Scaffold	2013-04-19	3183	SAMN00839735
Brucella suis F9/06-1	Bruc_suis_F9_06-1_V1	GCA_000371325.1	From INSDC submitter	3321764	Scaffold	2013-04-19	3224	SAMN00839735
Brucella suis VBI22	ASM23625v1	GCF_000236255.1	From INSDC submitter	3316088	Complete Genome	2011-11-28	3160	SAMN01093721
Brucella suis VBI22	ASM23625v1	GCA_000236255.1	From INSDC submitter	3316088	Complete Genome	2011-11-28	3438	SAMN01093721
Brucella suis bv. 1	ASM1488454v1	GCF_014884545.1	From INSDC submitter	3315569	Complete Genome	2020-10-13	3159	SAMN15196298
Brucella suis bv. 1	ASM1488456v1	GCF_014884565.1	From INSDC submitter	3315357	Complete Genome	2020-10-13	3157	SAMN15196297
Brucella suis bv. 1	ASM1488454v1	GCA_014884545.1	From INSDC submitter	3315569	Complete Genome	2020-10-13	3163	SAMN15196298
Brucella suis bv. 1	ASM1488456v1	GCA_014884565.1	From INSDC submitter	3315357	Complete Genome	2020-10-13	3160	SAMN15196297
Brucella suis bv. 1 str. S2	ASM60005v1	GCF_000600055.1	From INSDC submitter	3315275	Complete Genome	2014-03-25	3157	SAMN03068300
Brucella suis bv. 1 str. S2	ASM60005v1	GCA_000600055.1	From INSDC submitter	3315275	Complete Genome	2014-03-25	3294	SAMN03068300
Brucella suis bv. 2	ASM69824v1	GCF_000698245.1	From INSDC submitter	3324765	Complete Genome	2014-06-05	3174	SAMN02689927
Brucella suis bv. 2	ASM69828v1	GCF_000698285.1	From INSDC submitter	3325042	Complete Genome	2014-06-05	3171	SAMN02690837
Brucella suis bv. 2	ASM69832v1	GCF_000698325.1	From INSDC submitter	3328972	Complete Genome	2014-06-05	3181	SAMN02692306
Brucella suis bv. 2	ASM69834v1	GCF_000698345.1	From INSDC submitter	3328458	Complete Genome	2014-06-05	3182	SAMN02692662
Brucella suis bv. 2	ASM69902v1	GCF_000699025.1	From INSDC submitter	3324539	Complete Genome	2014-06-06	3175	SAMN02691711
Brucella suis bv. 2	ASM1488440v1	GCF_014884405.1	From INSDC submitter	3324593	Complete Genome	2020-10-13	3174	SAMN15196305
Brucella suis bv. 2	ASM69824v1	GCA_000698245.1	From INSDC submitter	3324765	Complete Genome	2014-06-05	3433	SAMN02689927
Brucella suis bv. 2	ASM69828v1	GCA_000698285.1	From INSDC submitter	3325042	Complete Genome	2014-06-05	3422	SAMN02690837
Brucella suis bv. 2	ASM69832v1	GCA_000698325.1	From INSDC submitter	3328972	Complete Genome	2014-06-05	3435	SAMN02692306
Brucella suis bv. 2	ASM69834v1	GCA_000698345.1	From INSDC submitter	3328458	Complete Genome	2014-06-05	3437	SAMN02692662
Brucella suis bv. 2	ASM69902v1	GCA_000699025.1	From INSDC submitter	3324539	Complete Genome	2014-06-06	3426	SAMN02691711
Brucella suis bv. 2	ASM1488440v1	GCA_014884405.1	From INSDC submitter	3324593	Complete Genome	2020-10-13	3175	SAMN15196305
Brucella suis bv. 3	ASM1488452v1	GCF_014884525.1	From INSDC submitter	3303700	Complete Genome	2020-10-13	3146	SAMN15196299
Brucella suis bv. 3	ASM1488452v1	GCA_014884525.1	From INSDC submitter	3303700	Complete Genome	2020-10-13	3147	SAMN15196299
Brucella suis bv. 3 str. 686	ASM15777v1	GCF_000157775.1	From INSDC submitter	3298529	Scaffold	2009-01-27	3133	SAMN02595280
Brucella suis bv. 3 str. 686	ASM74025v1	GCF_000740255.1	From INSDC submitter	3297260	Complete Genome	2014-08-15	3139	SAMN02769637
Brucella suis bv. 3 str. 686	ASM15777v1	GCA_000157775.1	From INSDC submitter	3298529	Scaffold	2009-01-27	3279	SAMN02595280
Brucella suis bv. 3 str. 686	ASM74025v1	GCA_000740255.1	From INSDC submitter	3297260	Complete Genome	2014-08-15	3136	SAMN02769637
Brucella suis bv. 4	ASM1488450v1	GCF_014884505.1	From INSDC submitter	3313840	Complete Genome	2020-10-13	3154	SAMN15196300
Brucella suis bv. 4	ASM1488450v1	GCA_014884505.1	From INSDC submitter	3313840	Complete Genome	2020-10-13	3158	SAMN15196300
Brucella suis bv. 4 str. 40	ASM16027v1	GCF_000160275.1	From INSDC submitter	3307260	Scaffold	2009-09-30	3135	SAMN02595310
Brucella suis bv. 4 str. 40	ASM16027v1	GCA_000160275.1	From INSDC submitter	3307260	Scaffold	2009-09-30	3103	SAMN02595310
Brucella suis bv. 5	ASM1488448v1	GCF_014884485.1	From INSDC submitter	3319604	Complete Genome	2020-10-13	3158	SAMN15196301
Brucella suis bv. 5	ASM1488448v1	GCA_014884485.1	From INSDC submitter	3319604	Complete Genome	2020-10-13	3162	SAMN15196301
Brucella suis bv. 5 str. 513	ASM15775v1	GCF_000157755.1	From INSDC submitter	3323676	Scaffold	2009-01-27	3143	SAMN02595279
Brucella suis bv. 5 str. 513	ASM15775v1	GCA_000157755.1	From INSDC submitter	3323676	Scaffold	2009-01-27	3295	SAMN02595279
[Ochrobactrum] quorumnocens	ASM227803v1	GCF_002278035.1	From INSDC submitter	5645291	Complete Genome	2017-08-30	5307	SAMN07259827
[Ochrobactrum] quorumnocens	ASM227803v1	GCA_002278035.1	From INSDC submitter	5645291	Complete Genome	2017-08-30	5857	SAMN07259827
